"Season","OTU","Mean","SD","SE"
"Summer","Archaea;Candidatus Verstraetearchaeota;Candidatus Methanomethylia;NA;NA;NA;NA;",8.33333333333333e-07,1.32916013582513e-06,5.42627353203324e-07
"Summer","Archaea;Crenarchaeota;Thermoprotei;NA;NA;NA;NA;",0.000205666666666667,6.64459680241523e-05,2.71264528540767e-05
"Summer","Archaea;Euryarchaeota;Archaeoglobi;NA;NA;NA;NA;",5.2e-05,2.7560841786854e-05,1.12516665432282e-05
"Summer","Archaea;Euryarchaeota;Candidatus Methanofastidiosa;NA;NA;NA;NA;",0.000120166666666667,3.15937757583146e-05,1.28981049426306e-05
"Summer","Archaea;Euryarchaeota;Candidatus Methanoliparia;NA;NA;NA;NA;",3.28333333333333e-05,6.96897888263888e-06,2.84507371511609e-06
"Summer","Archaea;Euryarchaeota;Candidatus Poseidoniia;NA;NA;NA;NA;",0.000106833333333333,4.28411795667051e-05,1.74898383195627e-05
"Summer","Archaea;Euryarchaeota;Hadesarchaea;NA;NA;NA;NA;",2.73333333333333e-05,2.33809038890002e-05,9.54521404218424e-06
"Summer","Archaea;Euryarchaeota;Halobacteria;NA;NA;NA;NA;",0.000553833333333333,0.000189546212483042,7.73819172101022e-05
"Summer","Archaea;Euryarchaeota;Methanobacteria;NA;NA;NA;NA;",0.00275333333333333,0.000721720629237288,0.000294641213078626
"Summer","Archaea;Euryarchaeota;Methanococci;NA;NA;NA;NA;",0.000212333333333333,0.000110162909668666,4.49738195447579e-05
"Summer","Archaea;Euryarchaeota;Methanomicrobia;NA;NA;NA;NA;",0.00389716666666667,0.000355716413265774,0.000145220617605689
"Summer","Archaea;Euryarchaeota;Methanonatronarchaeia;NA;NA;NA;NA;",4.16666666666667e-06,5.26940856896357e-06,2.15122704003501e-06
"Summer","Archaea;Euryarchaeota;Nanohaloarchaea;NA;NA;NA;NA;",1.5e-06,1.22474487139159e-06,5e-07
"Summer","Archaea;Euryarchaeota;Theionarchaea;NA;NA;NA;NA;",2.13333333333333e-05,9.68848113311197e-06,3.95530585978435e-06
"Summer","Archaea;Euryarchaeota;Thermococci;NA;NA;NA;NA;",0.000298666666666667,0.000293875256982732,0.000119974071272829
"Summer","Archaea;Euryarchaeota;Thermoplasmata;NA;NA;NA;NA;",0.00281916666666667,0.000366860963672434,0.000149770361257196
"Summer","Archaea;Thaumarchaeota;Nitrososphaeria;NA;NA;NA;NA;",6.83333333333333e-06,3.92003401345788e-06,1.60034718455437e-06
"Summer","Bacteria;Abditibacteriota;Abditibacteria;NA;NA;NA;NA;",4.08333333333333e-05,4.62143556340091e-05,1.88669316824732e-05
"Summer","Bacteria;Acidobacteria;Acidobacteriia;NA;NA;NA;NA;",0.00118716666666667,0.00039008943418999,0.000159253344636079
"Summer","Bacteria;Acidobacteria;Blastocatellia;NA;NA;NA;NA;",0.000221333333333333,0.000167535866806683,6.83962312152098e-05
"Summer","Bacteria;Acidobacteria;Holophagae;NA;NA;NA;NA;",0.000180666666666667,2.80689626931005e-05,1.14591060345522e-05
"Summer","Bacteria;Acidobacteria;Thermoanaerobaculia;NA;NA;NA;NA;",4.3e-05,3.40998533721188e-05,1.39212068442359e-05
"Summer","Bacteria;Acidobacteria;Vicinamibacteria;NA;NA;NA;NA;",4.35e-05,1.8349386910739e-05,7.49110583736918e-06
"Summer","Bacteria;Actinobacteria;Acidimicrobiia;NA;NA;NA;NA;",0.000426166666666667,0.000118969603961124,4.85691374342917e-05
"Summer","Bacteria;Actinobacteria;Actinobacteria;NA;NA;NA;NA;",0.0568148333333333,0.00727638021042515,0.00297056978167115
"Summer","Bacteria;Actinobacteria;Coriobacteriia;NA;NA;NA;NA;",0.0897238333333333,0.0177344365731383,0.00724005341332353
"Summer","Bacteria;Actinobacteria;Nitriliruptoria;NA;NA;NA;NA;",0.000164333333333333,4.35874599703477e-05,1.77945060185565e-05
"Summer","Bacteria;Actinobacteria;Rubrobacteria;NA;NA;NA;NA;",0.000210666666666667,5.87287550239801e-05,2.39759138396109e-05
"Summer","Bacteria;Actinobacteria;Thermoleophilia;NA;NA;NA;NA;",0.000247166666666667,0.000114233824529632,4.6635763577371e-05
"Summer","Bacteria;Aquificae;Aquificae;NA;NA;NA;NA;",0.000969666666666667,0.0002430964143435,9.92436955736288e-05
"Summer","Bacteria;Armatimonadetes;Armatimonadia;NA;NA;NA;NA;",0.000121,8.16137243360453e-05,3.33186634385795e-05
"Summer","Bacteria;Armatimonadetes;Chthonomonadetes;NA;NA;NA;NA;",9.58333333333333e-05,7.1650308210549e-05,2.92511158381655e-05
"Summer","Bacteria;Armatimonadetes;Fimbriimonadia;NA;NA;NA;NA;",4.38333333333333e-05,3.98618447474106e-05,1.62735299728663e-05
"Summer","Bacteria;Bacteroidetes;Bacteroidia;NA;NA;NA;NA;",15.6387761666667,5.3619681104802,2.18901431462529
"Summer","Bacteria;Bacteroidetes;Chitinophagia;NA;NA;NA;NA;",0.0217548333333333,0.00778043968980331,0.00317635120241939
"Summer","Bacteria;Bacteroidetes;Cytophagia;NA;NA;NA;NA;",0.042219,0.0171888718419796,0.00701732754449061
"Summer","Bacteria;Bacteroidetes;Flavobacteriia;NA;NA;NA;NA;",0.0841006666666667,0.0245976214595368,0.0100419369103331
"Summer","Bacteria;Bacteroidetes;Saprospiria;NA;NA;NA;NA;",0.0034075,0.00149597322837008,0.000610728513061791
"Summer","Bacteria;Bacteroidetes;Sphingobacteriia;NA;NA;NA;NA;",0.0373043333333333,0.0143013718316344,0.0058385106015528
"Summer","Bacteria;Balneolaeota;Balneolia;NA;NA;NA;NA;",0.00121966666666667,0.000371809987314309,0.000151790791698457
"Summer","Bacteria;Caldiserica;Caldisericia;NA;NA;NA;NA;",0.0001055,6.32605722389547e-05,2.5826020470319e-05
"Summer","Bacteria;Calditrichaeota;Calditrichae;NA;NA;NA;NA;",0.000359,0.000163238475856644,6.66418287064013e-05
"Summer","Bacteria;Candidatus Cryosericota;Candidatus Cryosericia;NA;NA;NA;NA;",0.0002205,3.78351688247852e-05,1.54461429921302e-05
"Summer","Bacteria;Candidatus Fermentibacteria;Candidatus Fermentibacteria (class);NA;NA;NA;NA;",5.15e-05,4.96658836627317e-05,2.02760120996873e-05
"Summer","Bacteria;Candidatus Margulisbacteria;Candidatus Marinamargulisbacteria;NA;NA;NA;NA;",0.000236666666666667,0.000181730202956654,7.41910446827049e-05
"Summer","Bacteria;Candidatus Margulisbacteria;Candidatus Riflemargulisbacteria;NA;NA;NA;NA;",0.000111333333333333,7.06248303832771e-05,2.88324662682732e-05
"Summer","Bacteria;Candidatus Margulisbacteria;Candidatus Termititenacia;NA;NA;NA;NA;",0.000212666666666667,5.82809288418318e-05,2.37930895663239e-05
"Summer","Bacteria;Candidatus Mcinerneyibacteriota;Candidatus Mcinerneyibacteria;NA;NA;NA;NA;",2.61666666666667e-05,1.23517879947264e-05,5.04259633301911e-06
"Summer","Bacteria;Candidatus Peregrinibacteria;Candidatus Peribacteria;NA;NA;NA;NA;",0.000166666666666667,0.000118165420773874,4.82408310228771e-05
"Summer","Bacteria;Candidatus Riflebacteria;Candidatus Ozemobacteria;NA;NA;NA;NA;",4.73333333333333e-05,1.93666379804722e-05,7.90639684756028e-06
"Summer","Bacteria;Candidatus Sumerlaeota;Candidatus Sumerlaeia;NA;NA;NA;NA;",9.33333333333333e-06,4.67618077780005e-06,1.90904280843685e-06
"Summer","Bacteria;Chlamydiae;Chlamydiia;NA;NA;NA;NA;",0.00353283333333333,0.00082981767073657,0.00033877164547491
"Summer","Bacteria;Chlorobi;Chlorobia;NA;NA;NA;NA;",0.0016345,0.000611008592410941,0.000249443213310498
"Summer","Bacteria;Chloroflexi;Anaerolineae;NA;NA;NA;NA;",0.0112245,0.00233838583215003,0.000954642018420169
"Summer","Bacteria;Chloroflexi;Ardenticatenia;NA;NA;NA;NA;",0.000113666666666667,5.64505683467108e-05,2.30458480232581e-05
"Summer","Bacteria;Chloroflexi;Caldilineae;NA;NA;NA;NA;",0.000237166666666667,0.000123798896064006,5.05406876794441e-05
"Summer","Bacteria;Chloroflexi;Candidatus Thermofonsia;NA;NA;NA;NA;",0.0001275,5.88617023199296e-05,2.4030189345904e-05
"Summer","Bacteria;Chloroflexi;Chloroflexia;NA;NA;NA;NA;",0.000704166666666667,0.000256630019028692,0.000104768766550172
"Summer","Bacteria;Chloroflexi;Dehalococcoidia;NA;NA;NA;NA;",0.0018055,0.00066960249402164,0.000273364073474673
"Summer","Bacteria;Chloroflexi;Ktedonobacteria;NA;NA;NA;NA;",0.000685833333333333,0.000280436386131805,0.000114487675222173
"Summer","Bacteria;Chloroflexi;Tepidiformia;NA;NA;NA;NA;",1.7e-05,1.0507140429251e-05,4.28952211790544e-06
"Summer","Bacteria;Chloroflexi;Thermoflexia;NA;NA;NA;NA;",4.56666666666667e-05,2.23755819291179e-05,9.13479307069648e-06
"Summer","Bacteria;Chloroflexi;Thermomicrobia;NA;NA;NA;NA;",0.000150166666666667,5.66936210403487e-05,2.31450738699284e-05
"Summer","Bacteria;Chrysiogenetes;Chrysiogenetes;NA;NA;NA;NA;",0.000295,7.66315861769806e-05,3.12847140522865e-05
"Summer","Bacteria;Coprothermobacterota;Coprothermobacteria;NA;NA;NA;NA;",9.08333333333333e-05,4.72965819765728e-05,1.93087487367198e-05
"Summer","Bacteria;Cyanobacteria;Gloeobacteria;NA;NA;NA;NA;",0.000119,3.09127805284481e-05,1.26200898042235e-05
"Summer","Bacteria;Deferribacteres;Deferribacteres;NA;NA;NA;NA;",0.0008665,0.000128866985686793,5.26097266038642e-05
"Summer","Bacteria;Deinococcus-Thermus;Deinococci;NA;NA;NA;NA;",0.001473,0.000209111453536147,8.53693934225454e-05
"Summer","Bacteria;Dictyoglomi;Dictyoglomia;NA;NA;NA;NA;",0.000216333333333333,7.05001182032106e-05,2.8781552733961e-05
"Summer","Bacteria;Elusimicrobia;Elusimicrobia;NA;NA;NA;NA;",0.0325296666666667,0.0342403319824249,0.0139785569967401
"Summer","Bacteria;Elusimicrobia;Endomicrobia;NA;NA;NA;NA;",0.000239833333333333,0.000131874814375857,5.38376675241828e-05
"Summer","Bacteria;Fibrobacteres;Chitinispirillia;NA;NA;NA;NA;",0.0001545,9.06239482697592e-05,3.69970719562148e-05
"Summer","Bacteria;Fibrobacteres;Chitinivibrionia;NA;NA;NA;NA;",3.81666666666667e-05,2.35662187604772e-05,9.62086852166223e-06
"Summer","Bacteria;Fibrobacteres;Fibrobacteria;NA;NA;NA;NA;",0.0141265,0.00386946749566397,0.0015797034901103
"Summer","Bacteria;Firmicutes;Bacilli;NA;NA;NA;NA;",0.679144666666667,0.38522366629306,0.157266903210363
"Summer","Bacteria;Firmicutes;Clostridia;NA;NA;NA;NA;",19.2549145,5.41822869939776,2.21198260387137
"Summer","Bacteria;Firmicutes;Erysipelotrichia;NA;NA;NA;NA;",0.1315645,0.0338337328697263,0.0138125636040768
"Summer","Bacteria;Firmicutes;Limnochordia;NA;NA;NA;NA;",9.9e-05,2.4429490375364e-05,9.97329768264573e-06
"Summer","Bacteria;Firmicutes;Negativicutes;NA;NA;NA;NA;",0.112152666666667,0.0248319804982741,0.0101376135872524
"Summer","Bacteria;Firmicutes;Tissierellia;NA;NA;NA;NA;",0.0313343333333333,0.00360756325885863,0.00147278153316928
"Summer","Bacteria;Fusobacteria;Fusobacteriia;NA;NA;NA;NA;",0.0323806666666667,0.00559233896206826,0.00228306282095882
"Summer","Bacteria;Gemmatimonadetes;Gemmatimonadetes;NA;NA;NA;NA;",0.000514,0.000160269772571125,6.54298606651937e-05
"Summer","Bacteria;Ignavibacteriae;Ignavibacteria;NA;NA;NA;NA;",0.002561,0.00082770985254496,0.000337911132301576
"Summer","Bacteria;Kiritimatiellaeota;Kiritimatiellae;NA;NA;NA;NA;",0.000549666666666667,0.000192099626930056,7.84243442929412e-05
"Summer","Bacteria;Lentisphaerae;Lentisphaeria;NA;NA;NA;NA;",0.0015365,0.000351498933142051,0.000143498838555114
"Summer","Bacteria;NA;Candidatus Babeliae;NA;NA;NA;NA;",6.66666666666667e-07,1.03279555898864e-06,4.21637021355784e-07
"Summer","Bacteria;Nitrospinae;Nitrospinia;NA;NA;NA;NA;",0.0001125,3.5742132001323e-05,1.45916642870739e-05
"Summer","Bacteria;Nitrospirae;Nitrospira;NA;NA;NA;NA;",0.0016305,0.00033345749354303,0.000136133451681307
"Summer","Bacteria;Planctomycetes;Candidatus Brocadiae;NA;NA;NA;NA;",0.000912666666666667,0.000302064010876282,0.0001233171160509
"Summer","Bacteria;Planctomycetes;Phycisphaerae;NA;NA;NA;NA;",0.000608166666666667,0.000139574233534226,5.69809422331518e-05
"Summer","Bacteria;Planctomycetes;Planctomycetia;NA;NA;NA;NA;",0.00213216666666667,0.00061180010351966,0.000249766346367516
"Summer","Bacteria;Proteobacteria;Acidithiobacillia;NA;NA;NA;NA;",0.000177333333333333,8.78126794185593e-05,3.58493762536781e-05
"Summer","Bacteria;Proteobacteria;Alphaproteobacteria;NA;NA;NA;NA;",0.2362145,0.16327321960536,0.066656012782419
"Summer","Bacteria;Proteobacteria;Betaproteobacteria;NA;NA;NA;NA;",0.043512,0.00950402800921799,0.00388000318728391
"Summer","Bacteria;Proteobacteria;Candidatus Lambdaproteobacteria;NA;NA;NA;NA;",0.000104,8.6171921180858e-05,3.5179539508072e-05
"Summer","Bacteria;Proteobacteria;Candidatus Muproteobacteria;NA;NA;NA;NA;",3.3e-05,1.51525575399007e-05,6.18600571181976e-06
"Summer","Bacteria;Proteobacteria;Deltaproteobacteria;NA;NA;NA;NA;",0.310986833333333,0.127104341451292,0.0518901301080251
"Summer","Bacteria;Proteobacteria;Epsilonproteobacteria;NA;NA;NA;NA;",0.0415753333333333,0.0375953730007652,0.0153482467569137
"Summer","Bacteria;Proteobacteria;Gammaproteobacteria;NA;NA;NA;NA;",0.136235666666667,0.0369017792994683,0.0150650883140827
"Summer","Bacteria;Proteobacteria;Hydrogenophilalia;NA;NA;NA;NA;",0.000231166666666667,8.68893932920852e-05,3.54724462709361e-05
"Summer","Bacteria;Proteobacteria;Oligoflexia;NA;NA;NA;NA;",0.00112383333333333,0.000466466468962847,0.000190434138512797
"Summer","Bacteria;Proteobacteria;Zetaproteobacteria;NA;NA;NA;NA;",0.000685166666666667,0.000261920153227404,0.000106928454793121
"Summer","Bacteria;Rhodothermaeota;Rhodothermia;NA;NA;NA;NA;",0.000234833333333333,0.000164352568177886,6.70966549919675e-05
"Summer","Bacteria;Spirochaetes;Spirochaetia;NA;NA;NA;NA;",0.0607008333333333,0.0173940877244731,0.00710110657769462
"Summer","Bacteria;Synergistetes;Synergistia;NA;NA;NA;NA;",0.013637,0.00166440019226146,0.000679488533138468
"Summer","Bacteria;Tenericutes;Mollicutes;NA;NA;NA;NA;",0.0209486666666667,0.0211510433942788,0.00863487730724132
"Summer","Bacteria;Thermodesulfobacteria;Thermodesulfobacteria;NA;NA;NA;NA;",0.000428666666666667,0.000260075886361398,0.000106175535997915
"Summer","Bacteria;Thermotogae;Thermotogae;NA;NA;NA;NA;",0.002604,0.00024679708264078,0.000100754487079567
"Summer","Bacteria;Verrucomicrobia;Methylacidiphilae;NA;NA;NA;NA;",5.9e-05,3.68673297107344e-05,1.50510243283749e-05
"Summer","Bacteria;Verrucomicrobia;Opitutae;NA;NA;NA;NA;",0.00269616666666667,0.000963044633787379,0.000393161325384094
"Summer","Bacteria;Verrucomicrobia;Spartobacteria;NA;NA;NA;NA;",0.000154333333333333,0.000117936706188814,4.81474586845223e-05
"Summer","Bacteria;Verrucomicrobia;Verrucomicrobiae;NA;NA;NA;NA;",1.007261,0.611542851172998,0.249661323536773
"Summer","Eukaryota;Apicomplexa;Aconoidasida;NA;NA;NA;NA;",0.000560333333333333,0.000493286799607152,0.00020138349264801
"Summer","Eukaryota;Apicomplexa;Conoidasida;NA;NA;NA;NA;",0.000477166666666667,0.000284314907570227,0.000116071074968936
"Summer","Eukaryota;Ascomycota;Archaeorhizomycetes;NA;NA;NA;NA;",1.66666666666667e-06,3.20416395751944e-06,1.30809445802324e-06
"Summer","Eukaryota;Ascomycota;Dothideomycetes;NA;NA;NA;NA;",0.000612833333333333,0.00027498975738501,0.000112264098347503
"Summer","Eukaryota;Ascomycota;Eurotiomycetes;NA;NA;NA;NA;",0.000770833333333333,0.000499659250556483,0.000203985034854139
"Summer","Eukaryota;Ascomycota;Lecanoromycetes;NA;NA;NA;NA;",2.83333333333333e-06,7.52772652709081e-07,3.0731814857643e-07
"Summer","Eukaryota;Ascomycota;Leotiomycetes;NA;NA;NA;NA;",0.001098,0.00120635285053752,0.000492491488928151
"Summer","Eukaryota;Ascomycota;Neolectomycetes;NA;NA;NA;NA;",2.21666666666667e-05,3.46145441493408e-05,1.41313284741543e-05
"Summer","Eukaryota;Ascomycota;Orbiliomycetes;NA;NA;NA;NA;",2.93333333333333e-05,4.79527545263738e-05,1.95766300584254e-05
"Summer","Eukaryota;Ascomycota;Pezizomycetes;NA;NA;NA;NA;",6.63333333333333e-05,6.47013652612266e-05,2.64142217585738e-05
"Summer","Eukaryota;Ascomycota;Pneumocystidomycetes;NA;NA;NA;NA;",2.2e-05,1.68404275480167e-05,6.87507575715837e-06
"Summer","Eukaryota;Ascomycota;Saccharomycetes;NA;NA;NA;NA;",0.000594666666666667,0.000373073540560928,0.0001523066351513
"Summer","Eukaryota;Ascomycota;Schizosaccharomycetes;NA;NA;NA;NA;",3.01666666666667e-05,2.10942330191611e-05,8.61168456871889e-06
"Summer","Eukaryota;Ascomycota;Sordariomycetes;NA;NA;NA;NA;",0.000661333333333333,0.000231955742905121,9.46955355042911e-05
"Summer","Eukaryota;Ascomycota;Taphrinomycetes;NA;NA;NA;NA;",1.45e-05,6.77495387438173e-06,2.76586333718787e-06
"Summer","Eukaryota;Ascomycota;Xylonomycetes;NA;NA;NA;NA;",6.83333333333333e-06,7.88458411500991e-06,3.21886798597133e-06
"Summer","Eukaryota;Bacillariophyta;Bacillariophyceae;NA;NA;NA;NA;",0.000152666666666667,0.000113983624554875,4.65336198654025e-05
"Summer","Eukaryota;Bacillariophyta;Coscinodiscophyceae;NA;NA;NA;NA;",0.000178166666666667,0.000170881732981225,6.97621753610874e-05
"Summer","Eukaryota;Bacillariophyta;Mediophyceae;NA;NA;NA;NA;",1.66666666666667e-06,1.50554530541816e-06,6.14636297152859e-07
"Summer","Eukaryota;Basidiomycota;Agaricomycetes;NA;NA;NA;NA;",0.000643,0.000425644452565754,0.000173768620105396
"Summer","Eukaryota;Basidiomycota;Dacrymycetes;NA;NA;NA;NA;",7.38333333333333e-05,4.83132142034316e-05,1.97237871053654e-05
"Summer","Eukaryota;Basidiomycota;Exobasidiomycetes;NA;NA;NA;NA;",9.5e-05,9.35114966193997e-05,3.81759086335872e-05
"Summer","Eukaryota;Basidiomycota;Malasseziomycetes;NA;NA;NA;NA;",4.83333333333333e-05,3.82918616244584e-05,1.56325870468639e-05
"Summer","Eukaryota;Basidiomycota;Microbotryomycetes;NA;NA;NA;NA;",5.3e-05,3.53157188798416e-05,1.44175818591977e-05
"Summer","Eukaryota;Basidiomycota;Mixiomycetes;NA;NA;NA;NA;",8.33333333333333e-06,6.50128192487195e-06,2.65413723165258e-06
"Summer","Eukaryota;Basidiomycota;Pucciniomycetes;NA;NA;NA;NA;",9.55e-05,9.96850038872448e-05,4.06962324218512e-05
"Summer","Eukaryota;Basidiomycota;Tremellomycetes;NA;NA;NA;NA;",0.0001125,8.2286693942581e-05,3.35934021299818e-05
"Summer","Eukaryota;Basidiomycota;Ustilaginomycetes;NA;NA;NA;NA;",7.56666666666667e-05,3.62803895605693e-05,1.48114070154654e-05
"Summer","Eukaryota;Basidiomycota;Wallemiomycetes;NA;NA;NA;NA;",2.55e-05,2.01866292381863e-05,8.24115687671741e-06
"Summer","Eukaryota;Blastocladiomycota;Blastocladiomycetes;NA;NA;NA;NA;",6.7e-05,7.65323461028081e-05,3.12441994616601e-05
"Summer","Eukaryota;Cercozoa;Chlorarachniophyceae;NA;NA;NA;NA;",8.5e-06,8.96102672688794e-06,3.65832384205299e-06
"Summer","Eukaryota;Cercozoa;Thecofilosea;NA;NA;NA;NA;",1.16666666666667e-06,1.32916013582513e-06,5.42627353203324e-07
"Summer","Eukaryota;Chlorophyta;Chlorodendrophyceae;NA;NA;NA;NA;",7.83333333333333e-06,7.73089041874651e-06,3.15612279721672e-06
"Summer","Eukaryota;Chlorophyta;Chlorophyceae;NA;NA;NA;NA;",0.0003165,0.000208083396742748,8.49496909941408e-05
"Summer","Eukaryota;Chlorophyta;Chloropicophyceae;NA;NA;NA;NA;",5e-05,2.58069758011279e-05,1.05356537528527e-05
"Summer","Eukaryota;Chlorophyta;Mamiellophyceae;NA;NA;NA;NA;",0.000186333333333333,0.000170804761838383,6.9730752023607e-05
"Summer","Eukaryota;Chlorophyta;Nephroselmidophyceae;NA;NA;NA;NA;",0,0,0
"Summer","Eukaryota;Chlorophyta;Palmophyllophyceae;NA;NA;NA;NA;",1.16666666666667e-06,2.85773803324704e-06,1.16666666666667e-06
"Summer","Eukaryota;Chlorophyta;Pedinophyceae;NA;NA;NA;NA;",8.5e-06,1.30345694213503e-05,5.3213406831988e-06
"Summer","Eukaryota;Chlorophyta;Picocystophyceae;NA;NA;NA;NA;",6.66666666666667e-07,1.03279555898864e-06,4.21637021355784e-07
"Summer","Eukaryota;Chlorophyta;Pyramimonadophyceae;NA;NA;NA;NA;",3.83333333333333e-06,5.45588367422425e-06,2.22735518297175e-06
"Summer","Eukaryota;Chlorophyta;Trebouxiophyceae;NA;NA;NA;NA;",0.000659,0.000454112761326964,0.000185390758489557
"Summer","Eukaryota;Chlorophyta;Ulvophyceae;NA;NA;NA;NA;",1.48333333333333e-05,8.13428956127495e-06,3.32080980752855e-06
"Summer","Eukaryota;Chytridiomycota;Chytridiomycetes;NA;NA;NA;NA;",0.000467166666666667,0.000527057650230662,0.000215170384682568
"Summer","Eukaryota;Chytridiomycota;Monoblepharidomycetes;NA;NA;NA;NA;",3.18333333333333e-05,2.48549123246626e-05,1.01469754661727e-05
"Summer","Eukaryota;Chytridiomycota;Neocallimastigomycetes;NA;NA;NA;NA;",0.0027725,0.000804579828233346,0.000328468339417972
"Summer","Eukaryota;Ciliophora;Armophorea;NA;NA;NA;NA;",0,0,0
"Summer","Eukaryota;Ciliophora;Heterotrichea;NA;NA;NA;NA;",9.46666666666667e-05,0.000114081841967364,4.6573716956145e-05
"Summer","Eukaryota;Ciliophora;Karyorelictea;NA;NA;NA;NA;",2.5e-06,5.20576603392815e-06,2.12524508390601e-06
"Summer","Eukaryota;Ciliophora;Litostomatea;NA;NA;NA;NA;",1.93333333333333e-05,1.06520733506049e-05,4.34869073528012e-06
"Summer","Eukaryota;Ciliophora;Oligohymenophorea;NA;NA;NA;NA;",0.0002455,0.000198972108598165,8.1230023185191e-05
"Summer","Eukaryota;Ciliophora;Spirotrichea;NA;NA;NA;NA;",0.0003485,0.000256317576455459,0.000104641212403782
"Summer","Eukaryota;Discosea;Flabellinia;NA;NA;NA;NA;",2e-06,1.89736659610103e-06,7.74596669241484e-07
"Summer","Eukaryota;Endomyxa;Ascetosporea;NA;NA;NA;NA;",5e-07,1.22474487139159e-06,5e-07
"Summer","Eukaryota;Euglenozoa;Euglenida;NA;NA;NA;NA;",3.66666666666667e-05,2.71563375046538e-05,1.10865283615346e-05
"Summer","Eukaryota;Euglenozoa;Kinetoplastea;NA;NA;NA;NA;",0.000392833333333333,0.000246542829274483,0.000100650688577432
"Summer","Eukaryota;Evosea;Eumycetozoa;NA;NA;NA;NA;",0.000373166666666667,0.000378552726402369,0.000154543503404202
"Summer","Eukaryota;Evosea;Variosea;NA;NA;NA;NA;",0.000116833333333333,0.000114606137124792,4.67877595578635e-05
"Summer","Eukaryota;Haptista;Centroplasthelida;NA;NA;NA;NA;",1e-06,1.67332005306815e-06,6.83130051063973e-07
"Summer","Eukaryota;Haptista;Haptophyta;NA;NA;NA;NA;",0.000293,0.00024210163155171,9.88375771994977e-05
"Summer","Eukaryota;Mucoromycota;Endogonomycetes;NA;NA;NA;NA;",3.81666666666667e-05,3.08636787610723e-05,1.26000440916336e-05
"Summer","Eukaryota;Mucoromycota;Glomeromycetes;NA;NA;NA;NA;",0.000768666666666667,0.00021912066690905,8.94556376709211e-05
"Summer","Eukaryota;Mucoromycota;Mortierellomycetes;NA;NA;NA;NA;",4.46666666666667e-05,1.76370821471883e-05,7.20030863536032e-06
"Summer","Eukaryota;Mucoromycota;Mucoromycetes;NA;NA;NA;NA;",0.00102883333333333,0.000497134354743933,0.000202954250455066
"Summer","Eukaryota;Mucoromycota;Umbelopsidomycetes;NA;NA;NA;NA;",8.33333333333333e-07,2.04124145231932e-06,8.33333333333334e-07
"Summer","Eukaryota;NA;Bigyra;NA;NA;NA;NA;",0.0003305,0.000198021968478247,8.08421301055335e-05
"Summer","Eukaryota;NA;Bolidophyceae;NA;NA;NA;NA;",6.66666666666667e-07,1.03279555898864e-06,4.21637021355784e-07
"Summer","Eukaryota;NA;Breviatea;NA;NA;NA;NA;",8.33333333333333e-07,1.32916013582513e-06,5.42627353203324e-07
"Summer","Eukaryota;NA;Choanoflagellata;NA;NA;NA;NA;",0.0002025,0.000180516758224825,7.36956579453634e-05
"Summer","Eukaryota;NA;Chrysophyceae;NA;NA;NA;NA;",0,0,0
"Summer","Eukaryota;NA;Cryptophyceae;NA;NA;NA;NA;",0.0001765,0.000161810691859345,6.60589383303527e-05
"Summer","Eukaryota;NA;Dictyochophyceae;NA;NA;NA;NA;",3.66666666666667e-06,4.03319558993445e-06,1.64654520469713e-06
"Summer","Eukaryota;NA;Dinophyceae;NA;NA;NA;NA;",0.0001265,6.97904004860267e-05,2.84918116892088e-05
"Summer","Eukaryota;NA;Eustigmatophyceae;NA;NA;NA;NA;",5.55e-05,4.11715921479848e-05,1.68082321100902e-05
"Summer","Eukaryota;NA;Glaucocystophyceae;NA;NA;NA;NA;",1.66666666666667e-05,8.35862827661732e-06,3.41239570455193e-06
"Summer","Eukaryota;NA;Oomycota;NA;NA;NA;NA;",0.00107766666666667,0.00110391352318316,0.000450670808659467
"Summer","Eukaryota;NA;Pelagophyceae;NA;NA;NA;NA;",6.85e-05,4.72726136362271e-05,1.92989637027484e-05
"Summer","Eukaryota;NA;Phaeophyceae;NA;NA;NA;NA;",6.63333333333333e-05,4.57106843819546e-05,1.86613087548662e-05
"Summer","Eukaryota;NA;Polycystinea;NA;NA;NA;NA;",1.26666666666667e-05,1.2956336930887e-05,5.28940240270844e-06
"Summer","Eukaryota;NA;Raphidophyceae;NA;NA;NA;NA;",4.33333333333333e-06,7.84006802691575e-06,3.20069436910875e-06
"Summer","Eukaryota;NA;Synurophyceae;NA;NA;NA;NA;",1.83333333333333e-06,2.2286019533929e-06,9.09822937597079e-07
"Summer","Eukaryota;NA;Xanthophyceae;NA;NA;NA;NA;",3.83333333333333e-06,4.21505239192429e-06,1.72078793321871e-06
"Summer","Eukaryota;Rhodophyta;Bangiophyceae;NA;NA;NA;NA;",0.0002915,0.000189722692369679,7.7453964822123e-05
"Summer","Eukaryota;Rhodophyta;Compsopogonophyceae;NA;NA;NA;NA;",3.5e-06,7.63544366752843e-06,3.11715682420161e-06
"Summer","Eukaryota;Rhodophyta;Florideophyceae;NA;NA;NA;NA;",0.000199,9.76299134486967e-05,3.98572452635653e-05
"Summer","Eukaryota;Rhodophyta;Rhodellophyceae;NA;NA;NA;NA;",6.66666666666667e-07,1.63299316185545e-06,6.66666666666667e-07
"Summer","Eukaryota;Rhodophyta;Stylonematophyceae;NA;NA;NA;NA;",9e-06,1.77763888346312e-05,7.25718035235908e-06
"Summer","Eukaryota;Tubulinea;Corycida;NA;NA;NA;NA;",3.16666666666667e-06,6.8239773348588e-06,2.78587708112026e-06
"Summer","Eukaryota;Tubulinea;Echinamoebida;NA;NA;NA;NA;",1.83333333333333e-06,2.71416039810964e-06,1.10805134257298e-06
"Summer","Eukaryota;Tubulinea;Elardia;NA;NA;NA;NA;",3.33333333333333e-07,8.16496580927726e-07,3.33333333333333e-07
"Summer","Eukaryota;Zoopagomycota;Basidiobolomycetes;NA;NA;NA;NA;",4e-05,3.81261065413189e-05,1.55649178175366e-05
"Summer","Eukaryota;Zoopagomycota;Dimargaritomycetes;NA;NA;NA;NA;",3.76666666666667e-05,3.36669966980523e-05,1.37444938470324e-05
"Summer","Eukaryota;Zoopagomycota;Entomophthoromycetes;NA;NA;NA;NA;",2.73333333333333e-05,3.10783954969794e-05,1.26877018320016e-05
"Summer","Eukaryota;Zoopagomycota;Harpellomycetes;NA;NA;NA;NA;",0.000134666666666667,0.000104080097360959,4.24905218189239e-05
"Summer","Eukaryota;Zoopagomycota;Kickxellomycetes;NA;NA;NA;NA;",3.01666666666667e-05,2.28684644579969e-05,9.33601152051084e-06
"Summer","Eukaryota;Zoopagomycota;Zoopagomycetes;NA;NA;NA;NA;",6.13333333333333e-05,6.43821921548705e-05,2.62839198835418e-05
"Summer","Unclassified",61.7825156666667,3.48083829256457,1.42104628232064
"Summer","Viruses",0.005401,0.00307663959540275,0.0012560328551966
"Winter","Archaea;Candidatus Verstraetearchaeota;Candidatus Methanomethylia;NA;NA;NA;NA;",0,0,0
"Winter","Archaea;Crenarchaeota;Thermoprotei;NA;NA;NA;NA;",0.000199,7.84059946687752e-05,3.50642267845735e-05
"Winter","Archaea;Euryarchaeota;Archaeoglobi;NA;NA;NA;NA;",5.52e-05,2.08854016001608e-05,9.34023554306849e-06
"Winter","Archaea;Euryarchaeota;Candidatus Methanofastidiosa;NA;NA;NA;NA;",7.92e-05,7.10788294782631e-05,3.17874188949024e-05
"Winter","Archaea;Euryarchaeota;Candidatus Methanoliparia;NA;NA;NA;NA;",3.66e-05,4.36783699329542e-05,1.95335608632937e-05
"Winter","Archaea;Euryarchaeota;Candidatus Poseidoniia;NA;NA;NA;NA;",0.0001332,8.67046711544424e-05,3.87755077336197e-05
"Winter","Archaea;Euryarchaeota;Hadesarchaea;NA;NA;NA;NA;",1.24e-05,1.26806939873179e-05,5.67097875150313e-06
"Winter","Archaea;Euryarchaeota;Halobacteria;NA;NA;NA;NA;",0.000783,0.000455225218985065,0.000203582906944566
"Winter","Archaea;Euryarchaeota;Methanobacteria;NA;NA;NA;NA;",0.0017928,0.00055884720630956,0.000249924068468805
"Winter","Archaea;Euryarchaeota;Methanococci;NA;NA;NA;NA;",0.0002514,0.000233318023307245,0.000104342992098176
"Winter","Archaea;Euryarchaeota;Methanomicrobia;NA;NA;NA;NA;",0.003941,0.00155807589673931,0.000696792723842607
"Winter","Archaea;Euryarchaeota;Methanonatronarchaeia;NA;NA;NA;NA;",2.6e-06,2.60768096208106e-06,1.16619037896906e-06
"Winter","Archaea;Euryarchaeota;Nanohaloarchaea;NA;NA;NA;NA;",3.8e-06,3.89871773792359e-06,1.74355957741627e-06
"Winter","Archaea;Euryarchaeota;Theionarchaea;NA;NA;NA;NA;",1.86e-05,1.03344085462111e-05,4.62168800331654e-06
"Winter","Archaea;Euryarchaeota;Thermococci;NA;NA;NA;NA;",9.38e-05,3.80946190425892e-05,1.70364315512375e-05
"Winter","Archaea;Euryarchaeota;Thermoplasmata;NA;NA;NA;NA;",0.0021208,0.000531247305875522,0.000237581017760258
"Winter","Archaea;Thaumarchaeota;Nitrososphaeria;NA;NA;NA;NA;",1.74e-05,7.3348483283569e-06,3.28024389337134e-06
"Winter","Bacteria;Abditibacteriota;Abditibacteria;NA;NA;NA;NA;",4.48e-05,2.74353786195853e-05,1.22694743163674e-05
"Winter","Bacteria;Acidobacteria;Acidobacteriia;NA;NA;NA;NA;",0.0018566,0.0011173358044921,0.000499687762507748
"Winter","Bacteria;Acidobacteria;Blastocatellia;NA;NA;NA;NA;",0.0007252,0.000188440176183318,8.42730087275873e-05
"Winter","Bacteria;Acidobacteria;Holophagae;NA;NA;NA;NA;",0.0002606,0.000168904706861591,7.55364812524385e-05
"Winter","Bacteria;Acidobacteria;Thermoanaerobaculia;NA;NA;NA;NA;",7.62e-05,5.80749515712239e-05,2.5971907900653e-05
"Winter","Bacteria;Acidobacteria;Vicinamibacteria;NA;NA;NA;NA;",6.48e-05,3.51311827298769e-05,1.57111425427943e-05
"Winter","Bacteria;Actinobacteria;Acidimicrobiia;NA;NA;NA;NA;",0.0004978,0.000311880105168637,0.000139477023197371
"Winter","Bacteria;Actinobacteria;Actinobacteria;NA;NA;NA;NA;",0.0614192,0.0179201802362588,0.00801414823546458
"Winter","Bacteria;Actinobacteria;Coriobacteriia;NA;NA;NA;NA;",0.1204102,0.0466585627157545,0.0208663435929729
"Winter","Bacteria;Actinobacteria;Nitriliruptoria;NA;NA;NA;NA;",0.0001754,5.80112058140494e-05,2.59433999313891e-05
"Winter","Bacteria;Actinobacteria;Rubrobacteria;NA;NA;NA;NA;",0.0006148,0.000331491628853581,0.000148247563217747
"Winter","Bacteria;Actinobacteria;Thermoleophilia;NA;NA;NA;NA;",0.000414,9.33568422773607e-05,4.1750449099381e-05
"Winter","Bacteria;Aquificae;Aquificae;NA;NA;NA;NA;",0.0012828,0.000797589618789011,0.000356692921152074
"Winter","Bacteria;Armatimonadetes;Armatimonadia;NA;NA;NA;NA;",8.96e-05,6.43024105302437e-05,2.87569122125447e-05
"Winter","Bacteria;Armatimonadetes;Chthonomonadetes;NA;NA;NA;NA;",0.000454,0.000223184900922979,9.98113220030674e-05
"Winter","Bacteria;Armatimonadetes;Fimbriimonadia;NA;NA;NA;NA;",2.72e-05,2.25543787322994e-05,1.00866248071394e-05
"Winter","Bacteria;Bacteroidetes;Bacteroidia;NA;NA;NA;NA;",28.8635186,4.45518917418619,1.99242116922029
"Winter","Bacteria;Bacteroidetes;Chitinophagia;NA;NA;NA;NA;",0.0310068,0.0130945571211859,0.00585606397164512
"Winter","Bacteria;Bacteroidetes;Cytophagia;NA;NA;NA;NA;",0.0598376,0.0212051967757906,0.00948325229338543
"Winter","Bacteria;Bacteroidetes;Flavobacteriia;NA;NA;NA;NA;",0.134969,0.0641509392877454,0.0286891722135721
"Winter","Bacteria;Bacteroidetes;Saprospiria;NA;NA;NA;NA;",0.0054126,0.00193842417958506,0.000866889646956289
"Winter","Bacteria;Bacteroidetes;Sphingobacteriia;NA;NA;NA;NA;",0.052328,0.0228701262458256,0.0102278313879336
"Winter","Bacteria;Balneolaeota;Balneolia;NA;NA;NA;NA;",0.0018356,0.000738008333286285,0.000330047360237891
"Winter","Bacteria;Caldiserica;Caldisericia;NA;NA;NA;NA;",0.000256,0.000298375602219753,0.000133437625878161
"Winter","Bacteria;Calditrichaeota;Calditrichae;NA;NA;NA;NA;",0.000404,0.000251929553645459,0.000112666321498485
"Winter","Bacteria;Candidatus Cryosericota;Candidatus Cryosericia;NA;NA;NA;NA;",0.000281,0.000133369786683491,5.96447818337866e-05
"Winter","Bacteria;Candidatus Fermentibacteria;Candidatus Fermentibacteria (class);NA;NA;NA;NA;",0.000209,0.000334107018782904,0.000149417201151675
"Winter","Bacteria;Candidatus Margulisbacteria;Candidatus Marinamargulisbacteria;NA;NA;NA;NA;",0.0001062,2.29281486387366e-05,1.02537797908869e-05
"Winter","Bacteria;Candidatus Margulisbacteria;Candidatus Riflemargulisbacteria;NA;NA;NA;NA;",0.0001058,3.91752472870306e-05,1.75197031938329e-05
"Winter","Bacteria;Candidatus Margulisbacteria;Candidatus Termititenacia;NA;NA;NA;NA;",0.0009006,0.000683970978916503,0.000305881120698875
"Winter","Bacteria;Candidatus Mcinerneyibacteriota;Candidatus Mcinerneyibacteria;NA;NA;NA;NA;",2.24e-05,2.10902821223425e-05,9.43186089804128e-06
"Winter","Bacteria;Candidatus Peregrinibacteria;Candidatus Peribacteria;NA;NA;NA;NA;",0.0002902,0.000172022382264634,7.69307480790353e-05
"Winter","Bacteria;Candidatus Riflebacteria;Candidatus Ozemobacteria;NA;NA;NA;NA;",0.000281,0.000476480324882361,0.000213088479275629
"Winter","Bacteria;Candidatus Sumerlaeota;Candidatus Sumerlaeia;NA;NA;NA;NA;",3.8e-05,1.00498756211209e-05,4.49444101084885e-06
"Winter","Bacteria;Chlamydiae;Chlamydiia;NA;NA;NA;NA;",0.0052294,0.0025439279274382,0.00113767915512239
"Winter","Bacteria;Chlorobi;Chlorobia;NA;NA;NA;NA;",0.0027342,0.00116913031780037,0.000522850973031513
"Winter","Bacteria;Chloroflexi;Anaerolineae;NA;NA;NA;NA;",0.0075404,0.00453366075043116,0.00202751472497735
"Winter","Bacteria;Chloroflexi;Ardenticatenia;NA;NA;NA;NA;",0.0002744,0.000283698431437327,0.000126873795560786
"Winter","Bacteria;Chloroflexi;Caldilineae;NA;NA;NA;NA;",0.0002162,8.67075544574981e-05,3.87767971859461e-05
"Winter","Bacteria;Chloroflexi;Candidatus Thermofonsia;NA;NA;NA;NA;",7.04e-05,2.96192504969319e-05,1.32461315107468e-05
"Winter","Bacteria;Chloroflexi;Chloroflexia;NA;NA;NA;NA;",0.0010122,0.000300860765138959,0.000134549024522662
"Winter","Bacteria;Chloroflexi;Dehalococcoidia;NA;NA;NA;NA;",0.0013102,0.000638496436951687,0.000285544287283076
"Winter","Bacteria;Chloroflexi;Ktedonobacteria;NA;NA;NA;NA;",0.0004726,0.000151925310597017,6.79430643995397e-05
"Winter","Bacteria;Chloroflexi;Tepidiformia;NA;NA;NA;NA;",7e-06,3.24037034920393e-06,1.44913767461894e-06
"Winter","Bacteria;Chloroflexi;Thermoflexia;NA;NA;NA;NA;",7.58e-05,1.76550276125528e-05,7.89556837726075e-06
"Winter","Bacteria;Chloroflexi;Thermomicrobia;NA;NA;NA;NA;",0.000185,6.76424422977172e-05,3.02506198283605e-05
"Winter","Bacteria;Chrysiogenetes;Chrysiogenetes;NA;NA;NA;NA;",0.0005646,0.000414246062141814,0.00018525647087214
"Winter","Bacteria;Coprothermobacterota;Coprothermobacteria;NA;NA;NA;NA;",0.0001842,8.28051930738646e-05,3.70316081206312e-05
"Winter","Bacteria;Cyanobacteria;Gloeobacteria;NA;NA;NA;NA;",0.0001632,0.00012393223955049,5.54241824477367e-05
"Winter","Bacteria;Deferribacteres;Deferribacteres;NA;NA;NA;NA;",0.0014944,0.000627875226458251,0.000280794337549745
"Winter","Bacteria;Deinococcus-Thermus;Deinococci;NA;NA;NA;NA;",0.0022814,0.0011760094812543,0.000525927428453774
"Winter","Bacteria;Dictyoglomi;Dictyoglomia;NA;NA;NA;NA;",0.000208,9.22279784013507e-05,4.12456058265605e-05
"Winter","Bacteria;Elusimicrobia;Elusimicrobia;NA;NA;NA;NA;",0.0151694,0.0190080787377368,0.00850067123584955
"Winter","Bacteria;Elusimicrobia;Endomicrobia;NA;NA;NA;NA;",0.0001168,5.09725416278215e-05,2.27956136131494e-05
"Winter","Bacteria;Fibrobacteres;Chitinispirillia;NA;NA;NA;NA;",0.0001442,9.55703929049159e-05,4.27403790343511e-05
"Winter","Bacteria;Fibrobacteres;Chitinivibrionia;NA;NA;NA;NA;",0.00013,0.000132191149476809,5.9117679250796e-05
"Winter","Bacteria;Fibrobacteres;Fibrobacteria;NA;NA;NA;NA;",0.0121684,0.00334074629386908,0.00149402716173435
"Winter","Bacteria;Firmicutes;Bacilli;NA;NA;NA;NA;",0.1793544,0.0273881937757859,0.0122483726127188
"Winter","Bacteria;Firmicutes;Clostridia;NA;NA;NA;NA;",8.2255132,0.970342822323482,0.433950502438861
"Winter","Bacteria;Firmicutes;Erysipelotrichia;NA;NA;NA;NA;",0.1361372,0.0433642577037818,0.019393085603895
"Winter","Bacteria;Firmicutes;Limnochordia;NA;NA;NA;NA;",0.0002462,0.00019268160265059,8.61698323080647e-05
"Winter","Bacteria;Firmicutes;Negativicutes;NA;NA;NA;NA;",0.1377374,0.17556420432366,0.0785146990566735
"Winter","Bacteria;Firmicutes;Tissierellia;NA;NA;NA;NA;",0.021782,0.00232631629405805,0.00104036027413584
"Winter","Bacteria;Fusobacteria;Fusobacteriia;NA;NA;NA;NA;",0.0297182,0.0112675476568772,0.0050390005000992
"Winter","Bacteria;Gemmatimonadetes;Gemmatimonadetes;NA;NA;NA;NA;",0.0007572,0.000222936538055116,9.97002507519415e-05
"Winter","Bacteria;Ignavibacteriae;Ignavibacteria;NA;NA;NA;NA;",0.0036564,0.0011908233706138,0.000532552401177574
"Winter","Bacteria;Kiritimatiellaeota;Kiritimatiellae;NA;NA;NA;NA;",0.00365,0.00602683407768955,0.00269528213736521
"Winter","Bacteria;Lentisphaerae;Lentisphaeria;NA;NA;NA;NA;",0.005123,0.00791666005964636,0.00354043800962536
"Winter","Bacteria;NA;Candidatus Babeliae;NA;NA;NA;NA;",1.8e-06,2.68328157299975e-06,1.2e-06
"Winter","Bacteria;Nitrospinae;Nitrospinia;NA;NA;NA;NA;",0.00021,0.000164430836524053,7.35357056129878e-05
"Winter","Bacteria;Nitrospirae;Nitrospira;NA;NA;NA;NA;",0.0016402,0.000754776589462074,0.00033754635237253
"Winter","Bacteria;Planctomycetes;Candidatus Brocadiae;NA;NA;NA;NA;",0.0006576,0.000517643506672304,0.000231497213806128
"Winter","Bacteria;Planctomycetes;Phycisphaerae;NA;NA;NA;NA;",0.0016184,0.00165556464688033,0.000740391018313972
"Winter","Bacteria;Planctomycetes;Planctomycetia;NA;NA;NA;NA;",0.0042914,0.00294097403932779,0.00131524357439981
"Winter","Bacteria;Proteobacteria;Acidithiobacillia;NA;NA;NA;NA;",0.0005824,0.000274349776744943,0.000122692950082717
"Winter","Bacteria;Proteobacteria;Alphaproteobacteria;NA;NA;NA;NA;",0.2857606,0.330381027881899,0.147750887364036
"Winter","Bacteria;Proteobacteria;Betaproteobacteria;NA;NA;NA;NA;",0.2136326,0.0509502431819515,0.0227856414449978
"Winter","Bacteria;Proteobacteria;Candidatus Lambdaproteobacteria;NA;NA;NA;NA;",0.0001428,9.39318902183918e-05,4.20076183566743e-05
"Winter","Bacteria;Proteobacteria;Candidatus Muproteobacteria;NA;NA;NA;NA;",0.0001416,0.000152796596820741,6.83327154443609e-05
"Winter","Bacteria;Proteobacteria;Deltaproteobacteria;NA;NA;NA;NA;",0.4969668,0.382004073297917,0.170837415115191
"Winter","Bacteria;Proteobacteria;Epsilonproteobacteria;NA;NA;NA;NA;",0.0312092,0.0259788095416245,0.0116180768219185
"Winter","Bacteria;Proteobacteria;Gammaproteobacteria;NA;NA;NA;NA;",0.1361988,0.0261496839216079,0.0116944941677697
"Winter","Bacteria;Proteobacteria;Hydrogenophilalia;NA;NA;NA;NA;",0.0007996,0.000199651696712049,8.92869531342626e-05
"Winter","Bacteria;Proteobacteria;Oligoflexia;NA;NA;NA;NA;",0.0023774,0.0012120729350992,0.000542055495313902
"Winter","Bacteria;Proteobacteria;Zetaproteobacteria;NA;NA;NA;NA;",0.0015754,0.00100144710294653,0.000447860759611735
"Winter","Bacteria;Rhodothermaeota;Rhodothermia;NA;NA;NA;NA;",0.0002502,0.000119057549109664,5.32441546087455e-05
"Winter","Bacteria;Spirochaetes;Spirochaetia;NA;NA;NA;NA;",0.0671326,0.027184064832177,0.0121570833739018
"Winter","Bacteria;Synergistetes;Synergistia;NA;NA;NA;NA;",0.012911,0.00336543541016612,0.00150506847020327
"Winter","Bacteria;Tenericutes;Mollicutes;NA;NA;NA;NA;",0.0183242,0.0145823820653554,0.00652143951440171
"Winter","Bacteria;Thermodesulfobacteria;Thermodesulfobacteria;NA;NA;NA;NA;",0.0006926,0.000325590693970205,0.000145608584911742
"Winter","Bacteria;Thermotogae;Thermotogae;NA;NA;NA;NA;",0.002916,0.000611918295199613,0.000273658180948423
"Winter","Bacteria;Verrucomicrobia;Methylacidiphilae;NA;NA;NA;NA;",0.0001696,8.11067198202467e-05,3.62720277900202e-05
"Winter","Bacteria;Verrucomicrobia;Opitutae;NA;NA;NA;NA;",0.0048924,0.00376864170491173,0.00168538780700467
"Winter","Bacteria;Verrucomicrobia;Spartobacteria;NA;NA;NA;NA;",0.0002982,0.000137812191042738,6.16314854599498e-05
"Winter","Bacteria;Verrucomicrobia;Verrucomicrobiae;NA;NA;NA;NA;",9.2970414,6.61135193111131,2.95668646822788
"Winter","Eukaryota;Apicomplexa;Aconoidasida;NA;NA;NA;NA;",0.0002166,0.000242613478603313,0.00010850004608294
"Winter","Eukaryota;Apicomplexa;Conoidasida;NA;NA;NA;NA;",0.0003908,0.000254311226649552,0.000113731438045951
"Winter","Eukaryota;Ascomycota;Archaeorhizomycetes;NA;NA;NA;NA;",6e-07,1.34164078649987e-06,6e-07
"Winter","Eukaryota;Ascomycota;Dothideomycetes;NA;NA;NA;NA;",0.0004152,0.000165062715353892,7.38182904164002e-05
"Winter","Eukaryota;Ascomycota;Eurotiomycetes;NA;NA;NA;NA;",0.0007074,0.000295347761122376,0.0001320835341744
"Winter","Eukaryota;Ascomycota;Lecanoromycetes;NA;NA;NA;NA;",2.6e-06,2.60768096208106e-06,1.16619037896906e-06
"Winter","Eukaryota;Ascomycota;Leotiomycetes;NA;NA;NA;NA;",0.00038,0.000325897223062732,0.000145745668889336
"Winter","Eukaryota;Ascomycota;Neolectomycetes;NA;NA;NA;NA;",6e-06,3.93700393700591e-06,1.7606816861659e-06
"Winter","Eukaryota;Ascomycota;Orbiliomycetes;NA;NA;NA;NA;",5.2e-06,5.06951674225463e-06,2.26715680975093e-06
"Winter","Eukaryota;Ascomycota;Pezizomycetes;NA;NA;NA;NA;",6.2e-05,6.19152646768146e-05,2.76893481324498e-05
"Winter","Eukaryota;Ascomycota;Pneumocystidomycetes;NA;NA;NA;NA;",1.24e-05,1.66222742126341e-05,7.43370701601832e-06
"Winter","Eukaryota;Ascomycota;Saccharomycetes;NA;NA;NA;NA;",0.0005374,0.000309661589481162,0.000138484872820103
"Winter","Eukaryota;Ascomycota;Schizosaccharomycetes;NA;NA;NA;NA;",1.96e-05,2.22777916320267e-05,9.96293129555755e-06
"Winter","Eukaryota;Ascomycota;Sordariomycetes;NA;NA;NA;NA;",0.0005132,0.00023360586465241,0.000104471718661081
"Winter","Eukaryota;Ascomycota;Taphrinomycetes;NA;NA;NA;NA;",5.82e-05,0.000106205932037716,4.74967367300112e-05
"Winter","Eukaryota;Ascomycota;Xylonomycetes;NA;NA;NA;NA;",8e-07,1.78885438199983e-06,8e-07
"Winter","Eukaryota;Bacillariophyta;Bacillariophyceae;NA;NA;NA;NA;",9.5e-05,6.48729527615323e-05,2.90120664551838e-05
"Winter","Eukaryota;Bacillariophyta;Coscinodiscophyceae;NA;NA;NA;NA;",7.02e-05,4.96658836627317e-05,2.22112584064929e-05
"Winter","Eukaryota;Bacillariophyta;Mediophyceae;NA;NA;NA;NA;",9.4e-06,1.93855616374662e-05,8.6694867206773e-06
"Winter","Eukaryota;Basidiomycota;Agaricomycetes;NA;NA;NA;NA;",0.0003106,0.000173260786100029,7.74845791109431e-05
"Winter","Eukaryota;Basidiomycota;Dacrymycetes;NA;NA;NA;NA;",0.0004322,0.000304240365500701,0.00013606042775179
"Winter","Eukaryota;Basidiomycota;Exobasidiomycetes;NA;NA;NA;NA;",4.36e-05,4.37241352115739e-05,1.95540277180943e-05
"Winter","Eukaryota;Basidiomycota;Malasseziomycetes;NA;NA;NA;NA;",1.58e-05,1.82948080066449e-05,8.18168686763311e-06
"Winter","Eukaryota;Basidiomycota;Microbotryomycetes;NA;NA;NA;NA;",7.72e-05,5.49836339286519e-05,2.45894286228859e-05
"Winter","Eukaryota;Basidiomycota;Mixiomycetes;NA;NA;NA;NA;",2.6e-06,2.88097205817759e-06,1.28840987267251e-06
"Winter","Eukaryota;Basidiomycota;Pucciniomycetes;NA;NA;NA;NA;",1.14e-05,1.11937482551646e-05,5.00599640431353e-06
"Winter","Eukaryota;Basidiomycota;Tremellomycetes;NA;NA;NA;NA;",6.38e-05,4.70871532373746e-05,2.10580151011438e-05
"Winter","Eukaryota;Basidiomycota;Ustilaginomycetes;NA;NA;NA;NA;",3.08e-05,2.62240347772802e-05,1.17277448812634e-05
"Winter","Eukaryota;Basidiomycota;Wallemiomycetes;NA;NA;NA;NA;",6.8e-06,4.02492235949962e-06,1.8e-06
"Winter","Eukaryota;Blastocladiomycota;Blastocladiomycetes;NA;NA;NA;NA;",3.72e-05,2.78783069787245e-05,1.2467557900407e-05
"Winter","Eukaryota;Cercozoa;Chlorarachniophyceae;NA;NA;NA;NA;",5.2e-06,3.83405790253616e-06,1.71464281994822e-06
"Winter","Eukaryota;Cercozoa;Thecofilosea;NA;NA;NA;NA;",0,0,0
"Winter","Eukaryota;Chlorophyta;Chlorodendrophyceae;NA;NA;NA;NA;",1.3e-05,1.71026313764871e-05,7.64852927038918e-06
"Winter","Eukaryota;Chlorophyta;Chlorophyceae;NA;NA;NA;NA;",0.0004194,0.000234974041119439,0.000105083585778179
"Winter","Eukaryota;Chlorophyta;Chloropicophyceae;NA;NA;NA;NA;",7.22e-05,2.52824049488968e-05,1.13066352200821e-05
"Winter","Eukaryota;Chlorophyta;Mamiellophyceae;NA;NA;NA;NA;",0.0001096,8.88104723554604e-05,3.97172506601351e-05
"Winter","Eukaryota;Chlorophyta;Nephroselmidophyceae;NA;NA;NA;NA;",6e-07,1.34164078649987e-06,6e-07
"Winter","Eukaryota;Chlorophyta;Palmophyllophyceae;NA;NA;NA;NA;",2e-06,1.87082869338697e-06,8.36660026534076e-07
"Winter","Eukaryota;Chlorophyta;Pedinophyceae;NA;NA;NA;NA;",6e-07,1.34164078649987e-06,6e-07
"Winter","Eukaryota;Chlorophyta;Picocystophyceae;NA;NA;NA;NA;",0,0,0
"Winter","Eukaryota;Chlorophyta;Pyramimonadophyceae;NA;NA;NA;NA;",4.8e-06,5.89067059000926e-06,2.6343879744639e-06
"Winter","Eukaryota;Chlorophyta;Trebouxiophyceae;NA;NA;NA;NA;",0.0005214,0.000213666328652879,9.55544870741296e-05
"Winter","Eukaryota;Chlorophyta;Ulvophyceae;NA;NA;NA;NA;",2.54e-05,2.78442094518771e-05,1.24523090228279e-05
"Winter","Eukaryota;Chytridiomycota;Chytridiomycetes;NA;NA;NA;NA;",0.0002486,0.000164649020646951,7.36332805190696e-05
"Winter","Eukaryota;Chytridiomycota;Monoblepharidomycetes;NA;NA;NA;NA;",2.94e-05,4.25064700957395e-05,1.90094713235271e-05
"Winter","Eukaryota;Chytridiomycota;Neocallimastigomycetes;NA;NA;NA;NA;",0.0011702,0.000723904482649472,0.000323739926484207
"Winter","Eukaryota;Ciliophora;Armophorea;NA;NA;NA;NA;",6e-07,1.34164078649987e-06,6e-07
"Winter","Eukaryota;Ciliophora;Heterotrichea;NA;NA;NA;NA;",4.92e-05,3.24992307601272e-05,1.45340978392193e-05
"Winter","Eukaryota;Ciliophora;Karyorelictea;NA;NA;NA;NA;",1.4e-06,1.94935886896179e-06,8.71779788708135e-07
"Winter","Eukaryota;Ciliophora;Litostomatea;NA;NA;NA;NA;",2.22e-05,1.53362316101447e-05,6.8585712797929e-06
"Winter","Eukaryota;Ciliophora;Oligohymenophorea;NA;NA;NA;NA;",0.0001802,0.000141025529603686,6.306853415135e-05
"Winter","Eukaryota;Ciliophora;Spirotrichea;NA;NA;NA;NA;",0.0001292,0.000166005120402956,7.42397467668095e-05
"Winter","Eukaryota;Discosea;Flabellinia;NA;NA;NA;NA;",3.2e-06,5.21536192416212e-06,2.33238075793812e-06
"Winter","Eukaryota;Endomyxa;Ascetosporea;NA;NA;NA;NA;",0,0,0
"Winter","Eukaryota;Euglenozoa;Euglenida;NA;NA;NA;NA;",7.66e-05,0.000100885083139184,4.51171807629865e-05
"Winter","Eukaryota;Euglenozoa;Kinetoplastea;NA;NA;NA;NA;",0.0003456,9.93493834907897e-05,4.44303950016202e-05
"Winter","Eukaryota;Evosea;Eumycetozoa;NA;NA;NA;NA;",0.0002078,0.000100268140503352,4.48412756285991e-05
"Winter","Eukaryota;Evosea;Variosea;NA;NA;NA;NA;",0.0002496,0.000285412508485525,0.000127640354120474
"Winter","Eukaryota;Haptista;Centroplasthelida;NA;NA;NA;NA;",1.8e-06,2.68328157299975e-06,1.2e-06
"Winter","Eukaryota;Haptista;Haptophyta;NA;NA;NA;NA;",0.0001148,0.000121159811818936,5.41843150736447e-05
"Winter","Eukaryota;Mucoromycota;Endogonomycetes;NA;NA;NA;NA;",0.0001478,0.000241324884750827,0.00010792376939303
"Winter","Eukaryota;Mucoromycota;Glomeromycetes;NA;NA;NA;NA;",0.0002836,0.000246185499166787,0.000110097502242331
"Winter","Eukaryota;Mucoromycota;Mortierellomycetes;NA;NA;NA;NA;",5.68e-05,3.79301990503609e-05,1.6962900695341e-05
"Winter","Eukaryota;Mucoromycota;Mucoromycetes;NA;NA;NA;NA;",0.0004164,0.000198883885722298,8.89435776208715e-05
"Winter","Eukaryota;Mucoromycota;Umbelopsidomycetes;NA;NA;NA;NA;",6e-07,1.34164078649987e-06,6e-07
"Winter","Eukaryota;NA;Bigyra;NA;NA;NA;NA;",0.0003052,0.000170385445387803,7.61986876527411e-05
"Winter","Eukaryota;NA;Bolidophyceae;NA;NA;NA;NA;",6e-07,1.34164078649987e-06,6e-07
"Winter","Eukaryota;NA;Breviatea;NA;NA;NA;NA;",8e-07,1.78885438199983e-06,8e-07
"Winter","Eukaryota;NA;Choanoflagellata;NA;NA;NA;NA;",9.86e-05,6.56604904032859e-05,2.9364263995544e-05
"Winter","Eukaryota;NA;Chrysophyceae;NA;NA;NA;NA;",0,0,0
"Winter","Eukaryota;NA;Cryptophyceae;NA;NA;NA;NA;",0.0001672,8.22477963230627e-05,3.67823327155851e-05
"Winter","Eukaryota;NA;Dictyochophyceae;NA;NA;NA;NA;",6.2e-06,6.18061485614498e-06,2.76405499221705e-06
"Winter","Eukaryota;NA;Dinophyceae;NA;NA;NA;NA;",0.0001838,5.6015176514941e-05,2.50507484918116e-05
"Winter","Eukaryota;NA;Eustigmatophyceae;NA;NA;NA;NA;",5.28e-05,3.52306684580353e-05,1.57556339129849e-05
"Winter","Eukaryota;NA;Glaucocystophyceae;NA;NA;NA;NA;",5.8e-06,6.83373982530796e-06,3.05614135798722e-06
"Winter","Eukaryota;NA;Oomycota;NA;NA;NA;NA;",0.0004492,0.000207782819309008,9.29233017062997e-05
"Winter","Eukaryota;NA;Pelagophyceae;NA;NA;NA;NA;",5.86e-05,1.93209730603818e-05,8.64060183089118e-06
"Winter","Eukaryota;NA;Phaeophyceae;NA;NA;NA;NA;",9.14e-05,8.64887275892067e-05,3.86789348353855e-05
"Winter","Eukaryota;NA;Polycystinea;NA;NA;NA;NA;",7.6e-06,9.09945053286186e-06,4.06939798987516e-06
"Winter","Eukaryota;NA;Raphidophyceae;NA;NA;NA;NA;",1.8e-06,2.68328157299975e-06,1.2e-06
"Winter","Eukaryota;NA;Synurophyceae;NA;NA;NA;NA;",1.4e-06,3.13049516849971e-06,1.4e-06
"Winter","Eukaryota;NA;Xanthophyceae;NA;NA;NA;NA;",6e-07,1.34164078649987e-06,6e-07
"Winter","Eukaryota;Rhodophyta;Bangiophyceae;NA;NA;NA;NA;",0.0003042,0.000324114485945939,0.000144948404613504
"Winter","Eukaryota;Rhodophyta;Compsopogonophyceae;NA;NA;NA;NA;",6e-07,1.34164078649987e-06,6e-07
"Winter","Eukaryota;Rhodophyta;Florideophyceae;NA;NA;NA;NA;",0.0002244,0.000134834342806275,6.0299751243268e-05
"Winter","Eukaryota;Rhodophyta;Rhodellophyceae;NA;NA;NA;NA;",2e-06,2.82842712474619e-06,1.26491106406735e-06
"Winter","Eukaryota;Rhodophyta;Stylonematophyceae;NA;NA;NA;NA;",7e-06,4.24264068711928e-06,1.89736659610103e-06
"Winter","Eukaryota;Tubulinea;Corycida;NA;NA;NA;NA;",0,0,0
"Winter","Eukaryota;Tubulinea;Echinamoebida;NA;NA;NA;NA;",7.8e-06,6.1400325732035e-06,2.7459060435492e-06
"Winter","Eukaryota;Tubulinea;Elardia;NA;NA;NA;NA;",0,0,0
"Winter","Eukaryota;Zoopagomycota;Basidiobolomycetes;NA;NA;NA;NA;",3.26e-05,3.1855925665408e-05,1.42464030548065e-05
"Winter","Eukaryota;Zoopagomycota;Dimargaritomycetes;NA;NA;NA;NA;",1.78e-05,1.261744823647e-05,5.64269439186635e-06
"Winter","Eukaryota;Zoopagomycota;Entomophthoromycetes;NA;NA;NA;NA;",1e-05,9.97496867163e-06,4.46094160463909e-06
"Winter","Eukaryota;Zoopagomycota;Harpellomycetes;NA;NA;NA;NA;",0.0001346,7.86085237108547e-05,3.5154800525675e-05
"Winter","Eukaryota;Zoopagomycota;Kickxellomycetes;NA;NA;NA;NA;",1.52e-05,1.03537432844358e-05,4.63033476111609e-06
"Winter","Eukaryota;Zoopagomycota;Zoopagomycetes;NA;NA;NA;NA;",3.24e-05,3.18873015477948e-05,1.42604347759807e-05
"Winter","Unclassified",51.2554392,4.91967855460067,2.200147135107
"Winter","Viruses",0.0052774,0.00330706014459973,0.00147896225780106
"Spring","Archaea;Candidatus Verstraetearchaeota;Candidatus Methanomethylia;NA;NA;NA;NA;",1.33333333333333e-06,1.50554530541816e-06,6.14636297152859e-07
"Spring","Archaea;Crenarchaeota;Thermoprotei;NA;NA;NA;NA;",0.0002175,0.000113255021963708,4.62361691031311e-05
"Spring","Archaea;Euryarchaeota;Archaeoglobi;NA;NA;NA;NA;",4.4e-05,1.6982343772283e-05,6.93301281310417e-06
"Spring","Archaea;Euryarchaeota;Candidatus Methanofastidiosa;NA;NA;NA;NA;",0.000106833333333333,7.24635540576549e-05,2.95831220649733e-05
"Spring","Archaea;Euryarchaeota;Candidatus Methanoliparia;NA;NA;NA;NA;",3.45e-05,2.46150360552245e-05,1.00490463892517e-05
"Spring","Archaea;Euryarchaeota;Candidatus Poseidoniia;NA;NA;NA;NA;",0.000119666666666667,7.23979741889693e-05,2.95563491956936e-05
"Spring","Archaea;Euryarchaeota;Hadesarchaea;NA;NA;NA;NA;",3.31666666666667e-05,2.57403703677058e-05,1.05084621985226e-05
"Spring","Archaea;Euryarchaeota;Halobacteria;NA;NA;NA;NA;",0.000617833333333333,0.000306364107993522,0.000125072623347842
"Spring","Archaea;Euryarchaeota;Methanobacteria;NA;NA;NA;NA;",0.00197983333333333,0.000329549642188649,0.000134538078046494
"Spring","Archaea;Euryarchaeota;Methanococci;NA;NA;NA;NA;",0.000243166666666667,8.21910376298211e-05,3.35543506038255e-05
"Spring","Archaea;Euryarchaeota;Methanomicrobia;NA;NA;NA;NA;",0.00403066666666667,0.000624410655471755,0.000254914582643764
"Spring","Archaea;Euryarchaeota;Methanonatronarchaeia;NA;NA;NA;NA;",1.48333333333333e-05,2.83578325452893e-05,1.15770366578748e-05
"Spring","Archaea;Euryarchaeota;Nanohaloarchaea;NA;NA;NA;NA;",4.66666666666667e-06,4.67618077780005e-06,1.90904280843685e-06
"Spring","Archaea;Euryarchaeota;Theionarchaea;NA;NA;NA;NA;",1.81666666666667e-05,2.38446360145561e-05,9.7345318896756e-06
"Spring","Archaea;Euryarchaeota;Thermococci;NA;NA;NA;NA;",0.000331166666666667,0.00019103969919016,7.79916306051133e-05
"Spring","Archaea;Euryarchaeota;Thermoplasmata;NA;NA;NA;NA;",0.00311433333333333,0.000429310920740047,0.000175265449469591
"Spring","Archaea;Thaumarchaeota;Nitrososphaeria;NA;NA;NA;NA;",1.53333333333333e-05,1.26912043032435e-05,5.18116246072679e-06
"Spring","Bacteria;Abditibacteriota;Abditibacteria;NA;NA;NA;NA;",5.91666666666667e-05,6.66615831395165e-05,2.72144773563223e-05
"Spring","Bacteria;Acidobacteria;Acidobacteriia;NA;NA;NA;NA;",0.001349,0.000361789994333729,0.000147700146693676
"Spring","Bacteria;Acidobacteria;Blastocatellia;NA;NA;NA;NA;",0.0002165,9.36861782762004e-05,3.82472221213515e-05
"Spring","Bacteria;Acidobacteria;Holophagae;NA;NA;NA;NA;",0.000241,9.96654403492003e-05,4.06882456408891e-05
"Spring","Bacteria;Acidobacteria;Thermoanaerobaculia;NA;NA;NA;NA;",7.73333333333333e-05,3.78029981174333e-05,1.54330093558508e-05
"Spring","Bacteria;Acidobacteria;Vicinamibacteria;NA;NA;NA;NA;",5.4e-05,3.8345795075862e-05,1.56546052861983e-05
"Spring","Bacteria;Actinobacteria;Acidimicrobiia;NA;NA;NA;NA;",0.000436,0.000106164024038278,4.33412813223913e-05
"Spring","Bacteria;Actinobacteria;Actinobacteria;NA;NA;NA;NA;",0.0563956666666667,0.00573285564676686,0.00234042851726867
"Spring","Bacteria;Actinobacteria;Coriobacteriia;NA;NA;NA;NA;",0.0896446666666667,0.00997914514708884,0.00407396894658977
"Spring","Bacteria;Actinobacteria;Nitriliruptoria;NA;NA;NA;NA;",0.0001935,6.19249545821392e-05,2.52807568452107e-05
"Spring","Bacteria;Actinobacteria;Rubrobacteria;NA;NA;NA;NA;",0.000206,1.70293863659264e-05,6.95221787153807e-06
"Spring","Bacteria;Actinobacteria;Thermoleophilia;NA;NA;NA;NA;",0.0002165,5.4632407964504e-05,2.23035871554331e-05
"Spring","Bacteria;Aquificae;Aquificae;NA;NA;NA;NA;",0.000933666666666667,0.000104509648677367,4.2665885409514e-05
"Spring","Bacteria;Armatimonadetes;Armatimonadia;NA;NA;NA;NA;",9.85e-05,8.73744814004638e-05,3.5670482661906e-05
"Spring","Bacteria;Armatimonadetes;Chthonomonadetes;NA;NA;NA;NA;",0.000171333333333333,0.000123918790611701,5.05896344235765e-05
"Spring","Bacteria;Armatimonadetes;Fimbriimonadia;NA;NA;NA;NA;",3.51666666666667e-05,2.34215000942866e-05,9.56178737359171e-06
"Spring","Bacteria;Bacteroidetes;Bacteroidia;NA;NA;NA;NA;",15.7195701666667,3.56437180484659,1.45514869590622
"Spring","Bacteria;Bacteroidetes;Chitinophagia;NA;NA;NA;NA;",0.025215,0.00270937579527093,0.00110609803664353
"Spring","Bacteria;Bacteroidetes;Cytophagia;NA;NA;NA;NA;",0.0471073333333333,0.00465787490886849,0.00190156946874008
"Spring","Bacteria;Bacteroidetes;Flavobacteriia;NA;NA;NA;NA;",0.107473833333333,0.0472751714937838,0.0193000079437232
"Spring","Bacteria;Bacteroidetes;Saprospiria;NA;NA;NA;NA;",0.0038045,0.000358865295062089,0.000146506143215908
"Spring","Bacteria;Bacteroidetes;Sphingobacteriia;NA;NA;NA;NA;",0.0407043333333333,0.00503489168370747,0.0020554859225443
"Spring","Bacteria;Balneolaeota;Balneolia;NA;NA;NA;NA;",0.00135383333333333,0.000547281798223426,0.000223426858526702
"Spring","Bacteria;Caldiserica;Caldisericia;NA;NA;NA;NA;",0.000127666666666667,6.79519438034459e-05,2.77412648914533e-05
"Spring","Bacteria;Calditrichaeota;Calditrichae;NA;NA;NA;NA;",0.000508333333333333,0.000292121664151543,0.000119258169997326
"Spring","Bacteria;Candidatus Cryosericota;Candidatus Cryosericia;NA;NA;NA;NA;",0.0002085,7.02246395505167e-05,2.86690890449394e-05
"Spring","Bacteria;Candidatus Fermentibacteria;Candidatus Fermentibacteria (class);NA;NA;NA;NA;",0.000106,8.18315342639987e-05,3.34075839693125e-05
"Spring","Bacteria;Candidatus Margulisbacteria;Candidatus Marinamargulisbacteria;NA;NA;NA;NA;",0.000177333333333333,0.000129447544073523,5.28467385727613e-05
"Spring","Bacteria;Candidatus Margulisbacteria;Candidatus Riflemargulisbacteria;NA;NA;NA;NA;",0.0001195,6.3695368748442e-05,2.60035254020168e-05
"Spring","Bacteria;Candidatus Margulisbacteria;Candidatus Termititenacia;NA;NA;NA;NA;",0.000313,7.76324674347016e-05,3.16933221147084e-05
"Spring","Bacteria;Candidatus Mcinerneyibacteriota;Candidatus Mcinerneyibacteria;NA;NA;NA;NA;",1.33333333333333e-05,6.56251984123985e-06,2.67913750632135e-06
"Spring","Bacteria;Candidatus Peregrinibacteria;Candidatus Peribacteria;NA;NA;NA;NA;",0.000183666666666667,0.000173166586461322,7.06949628882976e-05
"Spring","Bacteria;Candidatus Riflebacteria;Candidatus Ozemobacteria;NA;NA;NA;NA;",3.5e-05,2.0794229968912e-05,8.48920883632077e-06
"Spring","Bacteria;Candidatus Sumerlaeota;Candidatus Sumerlaeia;NA;NA;NA;NA;",5e-06,5.05964425626941e-06,2.06559111797729e-06
"Spring","Bacteria;Chlamydiae;Chlamydiia;NA;NA;NA;NA;",0.003669,0.000486951742988974,0.000198797216613647
"Spring","Bacteria;Chlorobi;Chlorobia;NA;NA;NA;NA;",0.00188133333333333,0.000359211729578346,0.000146647574514927
"Spring","Bacteria;Chloroflexi;Anaerolineae;NA;NA;NA;NA;",0.0116741666666667,0.00268385308216874,0.00109567843265156
"Spring","Bacteria;Chloroflexi;Ardenticatenia;NA;NA;NA;NA;",0.0001695,8.93101338035052e-05,3.64607094463799e-05
"Spring","Bacteria;Chloroflexi;Caldilineae;NA;NA;NA;NA;",0.000253,4.47034674270352e-05,1.82501141548941e-05
"Spring","Bacteria;Chloroflexi;Candidatus Thermofonsia;NA;NA;NA;NA;",0.0002455,0.000174281094786555,7.11499590067814e-05
"Spring","Bacteria;Chloroflexi;Chloroflexia;NA;NA;NA;NA;",0.0005385,9.48150831882776e-05,3.87080956218033e-05
"Spring","Bacteria;Chloroflexi;Dehalococcoidia;NA;NA;NA;NA;",0.00186466666666667,0.000428246969243994,0.000174831093090191
"Spring","Bacteria;Chloroflexi;Ktedonobacteria;NA;NA;NA;NA;",0.000612333333333333,0.000160477620454276,6.55147142081668e-05
"Spring","Bacteria;Chloroflexi;Tepidiformia;NA;NA;NA;NA;",2.75e-05,2.29586584973948e-05,9.37283308290508e-06
"Spring","Bacteria;Chloroflexi;Thermoflexia;NA;NA;NA;NA;",3.26666666666667e-05,2.10966032020955e-05,8.61265219184995e-06
"Spring","Bacteria;Chloroflexi;Thermomicrobia;NA;NA;NA;NA;",0.000132166666666667,4.86843575151882e-05,1.98753057279071e-05
"Spring","Bacteria;Chrysiogenetes;Chrysiogenetes;NA;NA;NA;NA;",0.000304,9.39936168045469e-05,3.83727333749717e-05
"Spring","Bacteria;Coprothermobacterota;Coprothermobacteria;NA;NA;NA;NA;",7.68333333333333e-05,5.197467331948e-05,2.12185715300955e-05
"Spring","Bacteria;Cyanobacteria;Gloeobacteria;NA;NA;NA;NA;",0.00011,7.17439892952713e-05,2.92893609808522e-05
"Spring","Bacteria;Deferribacteres;Deferribacteres;NA;NA;NA;NA;",0.000964333333333333,0.00015517688831352,6.33506993734964e-05
"Spring","Bacteria;Deinococcus-Thermus;Deinococci;NA;NA;NA;NA;",0.00173333333333333,0.000473607291610535,0.000193349367151221
"Spring","Bacteria;Dictyoglomi;Dictyoglomia;NA;NA;NA;NA;",0.000242833333333333,0.000145970430795647,5.95921788305964e-05
"Spring","Bacteria;Elusimicrobia;Elusimicrobia;NA;NA;NA;NA;",0.0135631666666667,0.0129285752875816,0.00527806875928855
"Spring","Bacteria;Elusimicrobia;Endomicrobia;NA;NA;NA;NA;",0.000344333333333333,0.000154057997736783,6.28939142083274e-05
"Spring","Bacteria;Fibrobacteres;Chitinispirillia;NA;NA;NA;NA;",0.000265333333333333,0.00018720648136928,7.64267259827637e-05
"Spring","Bacteria;Fibrobacteres;Chitinivibrionia;NA;NA;NA;NA;",7.03333333333333e-05,3.20353970892615e-05,1.3078396096022e-05
"Spring","Bacteria;Fibrobacteres;Fibrobacteria;NA;NA;NA;NA;",0.0181346666666667,0.00299096965325071,0.0012210582477689
"Spring","Bacteria;Firmicutes;Bacilli;NA;NA;NA;NA;",0.527807833333333,0.210140680567487,0.0857895735985894
"Spring","Bacteria;Firmicutes;Clostridia;NA;NA;NA;NA;",16.4675378333333,2.07841924681267,0.848511104378464
"Spring","Bacteria;Firmicutes;Erysipelotrichia;NA;NA;NA;NA;",0.135159333333333,0.024948524041848,0.010185192289681
"Spring","Bacteria;Firmicutes;Limnochordia;NA;NA;NA;NA;",9.18333333333333e-05,2.62710233273595e-05,1.07251003621308e-05
"Spring","Bacteria;Firmicutes;Negativicutes;NA;NA;NA;NA;",0.194955166666667,0.155102903109409,0.0633204950403983
"Spring","Bacteria;Firmicutes;Tissierellia;NA;NA;NA;NA;",0.031088,0.00283784545033728,0.00115854555370085
"Spring","Bacteria;Fusobacteria;Fusobacteriia;NA;NA;NA;NA;",0.0226095,0.00347192694335581,0.00141740823924043
"Spring","Bacteria;Gemmatimonadetes;Gemmatimonadetes;NA;NA;NA;NA;",0.000689333333333333,0.000211481126029409,8.63368081668789e-05
"Spring","Bacteria;Ignavibacteriae;Ignavibacteria;NA;NA;NA;NA;",0.00267016666666667,0.000544396699720587,0.000222249021995099
"Spring","Bacteria;Kiritimatiellaeota;Kiritimatiellae;NA;NA;NA;NA;",0.000996833333333333,0.000402202643783786,0.000164198541744777
"Spring","Bacteria;Lentisphaerae;Lentisphaeria;NA;NA;NA;NA;",0.00293733333333333,0.00219441497139139,0.000895866160638841
"Spring","Bacteria;NA;Candidatus Babeliae;NA;NA;NA;NA;",2.66666666666667e-06,2.94392028877595e-06,1.20185042515466e-06
"Spring","Bacteria;Nitrospinae;Nitrospinia;NA;NA;NA;NA;",0.000103333333333333,1.98963983340369e-05,8.12267060625862e-06
"Spring","Bacteria;Nitrospirae;Nitrospira;NA;NA;NA;NA;",0.00165883333333333,0.000504909265776205,0.0002061283445925
"Spring","Bacteria;Planctomycetes;Candidatus Brocadiae;NA;NA;NA;NA;",0.000824,0.000185620042021329,7.5779064831038e-05
"Spring","Bacteria;Planctomycetes;Phycisphaerae;NA;NA;NA;NA;",0.000790166666666667,0.00022221198587535,9.07176633541916e-05
"Spring","Bacteria;Planctomycetes;Planctomycetia;NA;NA;NA;NA;",0.0026395,0.000444747456428927,0.000181567388775261
"Spring","Bacteria;Proteobacteria;Acidithiobacillia;NA;NA;NA;NA;",0.000274666666666667,0.000122138718949671,4.98629232106493e-05
"Spring","Bacteria;Proteobacteria;Alphaproteobacteria;NA;NA;NA;NA;",0.254432833333333,0.0837227986116486,0.0341796894060558
"Spring","Bacteria;Proteobacteria;Betaproteobacteria;NA;NA;NA;NA;",0.04998,0.0177099473629935,0.00723005573514709
"Spring","Bacteria;Proteobacteria;Candidatus Lambdaproteobacteria;NA;NA;NA;NA;",8.36666666666667e-05,4.67275792938888e-05,1.90764543642447e-05
"Spring","Bacteria;Proteobacteria;Candidatus Muproteobacteria;NA;NA;NA;NA;",4.08333333333333e-05,2.07308144236223e-05,8.4633195483674e-06
"Spring","Bacteria;Proteobacteria;Deltaproteobacteria;NA;NA;NA;NA;",0.268214,0.0722613769478551,0.0295005836055266
"Spring","Bacteria;Proteobacteria;Epsilonproteobacteria;NA;NA;NA;NA;",0.0194505,0.0123689289714187,0.00504959410745062
"Spring","Bacteria;Proteobacteria;Gammaproteobacteria;NA;NA;NA;NA;",0.12634,0.0100893978412986,0.00411897942051993
"Spring","Bacteria;Proteobacteria;Hydrogenophilalia;NA;NA;NA;NA;",0.000321333333333333,0.000108755996003286,4.43994494460361e-05
"Spring","Bacteria;Proteobacteria;Oligoflexia;NA;NA;NA;NA;",0.00147916666666667,0.000190005701668836,7.7569502884689e-05
"Spring","Bacteria;Proteobacteria;Zetaproteobacteria;NA;NA;NA;NA;",0.000806666666666667,0.000219323201387055,8.95383220253267e-05
"Spring","Bacteria;Rhodothermaeota;Rhodothermia;NA;NA;NA;NA;",0.000187666666666667,6.78223168777554e-05,2.7688344920642e-05
"Spring","Bacteria;Spirochaetes;Spirochaetia;NA;NA;NA;NA;",0.0514051666666667,0.00917997994369632,0.00374771111850657
"Spring","Bacteria;Synergistetes;Synergistia;NA;NA;NA;NA;",0.0138896666666667,0.00343734971550273,0.00140329214508043
"Spring","Bacteria;Tenericutes;Mollicutes;NA;NA;NA;NA;",0.0250663333333333,0.0192270845701231,0.00784942440635688
"Spring","Bacteria;Thermodesulfobacteria;Thermodesulfobacteria;NA;NA;NA;NA;",0.000434166666666667,0.00014467814854589,5.90646068113365e-05
"Spring","Bacteria;Thermotogae;Thermotogae;NA;NA;NA;NA;",0.00277566666666667,0.000480577430459095,0.000196194914420442
"Spring","Bacteria;Verrucomicrobia;Methylacidiphilae;NA;NA;NA;NA;",0.000161166666666667,0.000130088303343024,5.31083274491341e-05
"Spring","Bacteria;Verrucomicrobia;Opitutae;NA;NA;NA;NA;",0.0038895,0.0015312794323702,0.000625142210487608
"Spring","Bacteria;Verrucomicrobia;Spartobacteria;NA;NA;NA;NA;",0.000377333333333333,0.000392264536590636,0.000160141326472727
"Spring","Bacteria;Verrucomicrobia;Verrucomicrobiae;NA;NA;NA;NA;",0.521663333333333,0.398772757184172,0.162798296403999
"Spring","Eukaryota;Apicomplexa;Aconoidasida;NA;NA;NA;NA;",0.000947333333333333,0.000758848513648585,0.000309798608418078
"Spring","Eukaryota;Apicomplexa;Conoidasida;NA;NA;NA;NA;",0.000694166666666667,0.000244482651054562,9.98096243410981e-05
"Spring","Eukaryota;Ascomycota;Archaeorhizomycetes;NA;NA;NA;NA;",4e-06,2.5298221281347e-06,1.03279555898864e-06
"Spring","Eukaryota;Ascomycota;Dothideomycetes;NA;NA;NA;NA;",0.000670666666666667,0.0001716620711359,7.00807470787171e-05
"Spring","Eukaryota;Ascomycota;Eurotiomycetes;NA;NA;NA;NA;",0.0008165,0.000216204301529826,8.82650364904851e-05
"Spring","Eukaryota;Ascomycota;Lecanoromycetes;NA;NA;NA;NA;",1.33333333333333e-06,1.50554530541816e-06,6.14636297152859e-07
"Spring","Eukaryota;Ascomycota;Leotiomycetes;NA;NA;NA;NA;",0.00118416666666667,0.000919076801288481,0.000375211532931018
"Spring","Eukaryota;Ascomycota;Neolectomycetes;NA;NA;NA;NA;",1.33333333333333e-05,8.45379599154526e-06,3.45124776147861e-06
"Spring","Eukaryota;Ascomycota;Orbiliomycetes;NA;NA;NA;NA;",2.66666666666667e-05,1.29717642079505e-05,5.29570056219613e-06
"Spring","Eukaryota;Ascomycota;Pezizomycetes;NA;NA;NA;NA;",0.000181833333333333,0.000193601050272633,7.90372978058109e-05
"Spring","Eukaryota;Ascomycota;Pneumocystidomycetes;NA;NA;NA;NA;",3.28333333333333e-05,2.59261772474591e-05,1.05843175395383e-05
"Spring","Eukaryota;Ascomycota;Saccharomycetes;NA;NA;NA;NA;",0.000774833333333333,0.00025832569881192,0.000105461024922849
"Spring","Eukaryota;Ascomycota;Schizosaccharomycetes;NA;NA;NA;NA;",3.63333333333333e-05,1.2863384728238e-05,5.25145482488213e-06
"Spring","Eukaryota;Ascomycota;Sordariomycetes;NA;NA;NA;NA;",0.000754,0.000270405621243346,0.000110392632604415
"Spring","Eukaryota;Ascomycota;Taphrinomycetes;NA;NA;NA;NA;",2.03333333333333e-05,6.86051504383357e-06,2.80079353834667e-06
"Spring","Eukaryota;Ascomycota;Xylonomycetes;NA;NA;NA;NA;",9.5e-06,1.03489129863962e-05,4.22492603485552e-06
"Spring","Eukaryota;Bacillariophyta;Bacillariophyceae;NA;NA;NA;NA;",0.000202666666666667,0.000127424749035133,5.20209359563799e-05
"Spring","Eukaryota;Bacillariophyta;Coscinodiscophyceae;NA;NA;NA;NA;",0.000165833333333333,8.40604940900698e-05,3.43175530078187e-05
"Spring","Eukaryota;Bacillariophyta;Mediophyceae;NA;NA;NA;NA;",1.83333333333333e-05,3.4401550352661e-05,1.40443741207803e-05
"Spring","Eukaryota;Basidiomycota;Agaricomycetes;NA;NA;NA;NA;",0.000848833333333333,0.000410622657273885,0.000167635997857792
"Spring","Eukaryota;Basidiomycota;Dacrymycetes;NA;NA;NA;NA;",5.78333333333333e-05,2.9781985606515e-05,1.21584447104791e-05
"Spring","Eukaryota;Basidiomycota;Exobasidiomycetes;NA;NA;NA;NA;",0.000110333333333333,8.22062446938593e-05,3.35605588617221e-05
"Spring","Eukaryota;Basidiomycota;Malasseziomycetes;NA;NA;NA;NA;",6.2e-05,5.46552833676672e-05,2.23129259996681e-05
"Spring","Eukaryota;Basidiomycota;Microbotryomycetes;NA;NA;NA;NA;",7.31666666666667e-05,4.47455770626178e-05,1.82673053416328e-05
"Spring","Eukaryota;Basidiomycota;Mixiomycetes;NA;NA;NA;NA;",1.76666666666667e-05,1.02891528643843e-05,4.20052906720623e-06
"Spring","Eukaryota;Basidiomycota;Pucciniomycetes;NA;NA;NA;NA;",0.000109666666666667,3.59703581670612e-05,1.46848372290756e-05
"Spring","Eukaryota;Basidiomycota;Tremellomycetes;NA;NA;NA;NA;",0.000138166666666667,7.28599112452566e-05,2.97449342092248e-05
"Spring","Eukaryota;Basidiomycota;Ustilaginomycetes;NA;NA;NA;NA;",5.08333333333333e-05,1.78484359725626e-05,7.2865934732524e-06
"Spring","Eukaryota;Basidiomycota;Wallemiomycetes;NA;NA;NA;NA;",2.01666666666667e-05,1.70577450639487e-05,6.96379526152546e-06
"Spring","Eukaryota;Blastocladiomycota;Blastocladiomycetes;NA;NA;NA;NA;",9.86666666666667e-05,6.75623169131038e-05,2.75822003795524e-05
"Spring","Eukaryota;Cercozoa;Chlorarachniophyceae;NA;NA;NA;NA;",1.65e-05,9.97496867163e-06,4.07226390762354e-06
"Spring","Eukaryota;Cercozoa;Thecofilosea;NA;NA;NA;NA;",1.16666666666667e-06,1.83484785926972e-06,7.49073501808141e-07
"Spring","Eukaryota;Chlorophyta;Chlorodendrophyceae;NA;NA;NA;NA;",6.5e-06,4.59347363114234e-06,1.87527775720469e-06
"Spring","Eukaryota;Chlorophyta;Chlorophyceae;NA;NA;NA;NA;",0.000466333333333333,0.00022271027517083,9.09210891072277e-05
"Spring","Eukaryota;Chlorophyta;Chloropicophyceae;NA;NA;NA;NA;",7.71666666666667e-05,4.43685323925264e-05,1.81133774996394e-05
"Spring","Eukaryota;Chlorophyta;Mamiellophyceae;NA;NA;NA;NA;",0.000276333333333333,0.000149330059487923,6.09637415008116e-05
"Spring","Eukaryota;Chlorophyta;Nephroselmidophyceae;NA;NA;NA;NA;",1.66666666666667e-06,2.87518115371304e-06,1.17378779077727e-06
"Spring","Eukaryota;Chlorophyta;Palmophyllophyceae;NA;NA;NA;NA;",3.16666666666667e-06,5.45588367422425e-06,2.22735518297175e-06
"Spring","Eukaryota;Chlorophyta;Pedinophyceae;NA;NA;NA;NA;",5.83333333333333e-06,5.94698803316996e-06,2.42784769795069e-06
"Spring","Eukaryota;Chlorophyta;Picocystophyceae;NA;NA;NA;NA;",2.16666666666667e-06,1.16904519445001e-06,4.77260702109212e-07
"Spring","Eukaryota;Chlorophyta;Pyramimonadophyceae;NA;NA;NA;NA;",1e-06,1.54919333848297e-06,6.32455532033676e-07
"Spring","Eukaryota;Chlorophyta;Trebouxiophyceae;NA;NA;NA;NA;",0.0009595,0.000585848359219346,0.000239171591122357
"Spring","Eukaryota;Chlorophyta;Ulvophyceae;NA;NA;NA;NA;",2.88333333333333e-05,9.86745492346769e-06,4.02837160373491e-06
"Spring","Eukaryota;Chytridiomycota;Chytridiomycetes;NA;NA;NA;NA;",0.000471333333333333,0.000256004427045055,0.000104513369692324
"Spring","Eukaryota;Chytridiomycota;Monoblepharidomycetes;NA;NA;NA;NA;",5e-05,2.99198930479372e-05,1.2214745187682e-05
"Spring","Eukaryota;Chytridiomycota;Neocallimastigomycetes;NA;NA;NA;NA;",0.0034245,0.000676989438617767,0.000276379780977794
"Spring","Eukaryota;Ciliophora;Armophorea;NA;NA;NA;NA;",1.33333333333333e-06,2.16024689946929e-06,8.81917103688197e-07
"Spring","Eukaryota;Ciliophora;Heterotrichea;NA;NA;NA;NA;",0.000126166666666667,7.72616765716786e-05,3.15419473787597e-05
"Spring","Eukaryota;Ciliophora;Karyorelictea;NA;NA;NA;NA;",1e-06,1.54919333848297e-06,6.32455532033676e-07
"Spring","Eukaryota;Ciliophora;Litostomatea;NA;NA;NA;NA;",2.86666666666667e-05,1.77388462608668e-05,7.24185366080014e-06
"Spring","Eukaryota;Ciliophora;Oligohymenophorea;NA;NA;NA;NA;",0.000258833333333333,0.000156882652535794,6.40470747011741e-05
"Spring","Eukaryota;Ciliophora;Spirotrichea;NA;NA;NA;NA;",0.000572333333333333,0.000436253443157377,0.000178099722377973
"Spring","Eukaryota;Discosea;Flabellinia;NA;NA;NA;NA;",2.83333333333333e-06,4.26223728418147e-06,1.74005108481843e-06
"Spring","Eukaryota;Endomyxa;Ascetosporea;NA;NA;NA;NA;",3e-06,3.5213633723318e-06,1.43759057685652e-06
"Spring","Eukaryota;Euglenozoa;Euglenida;NA;NA;NA;NA;",1.41666666666667e-05,1.12679486450137e-05,4.60012077136146e-06
"Spring","Eukaryota;Euglenozoa;Kinetoplastea;NA;NA;NA;NA;",0.000599166666666667,0.000242895382143561,9.91616245216756e-05
"Spring","Eukaryota;Evosea;Eumycetozoa;NA;NA;NA;NA;",0.0004925,0.000290018447689108,0.000118399535472062
"Spring","Eukaryota;Evosea;Variosea;NA;NA;NA;NA;",0.000149166666666667,7.65673995030957e-05,3.12585099524025e-05
"Spring","Eukaryota;Haptista;Centroplasthelida;NA;NA;NA;NA;",4.16666666666667e-06,5.26940856896357e-06,2.15122704003501e-06
"Spring","Eukaryota;Haptista;Haptophyta;NA;NA;NA;NA;",0.000542333333333333,0.000376381012627718,0.000153656904968324
"Spring","Eukaryota;Mucoromycota;Endogonomycetes;NA;NA;NA;NA;",8.43333333333333e-05,4.98825286715366e-05,2.03644570541694e-05
"Spring","Eukaryota;Mucoromycota;Glomeromycetes;NA;NA;NA;NA;",0.0011925,0.000507667509301117,0.000207254392796228
"Spring","Eukaryota;Mucoromycota;Mortierellomycetes;NA;NA;NA;NA;",5.66666666666667e-05,3.11105555505951e-05,1.27008311189115e-05
"Spring","Eukaryota;Mucoromycota;Mucoromycetes;NA;NA;NA;NA;",0.00114183333333333,0.000473618165473693,0.000193353806387266
"Spring","Eukaryota;Mucoromycota;Umbelopsidomycetes;NA;NA;NA;NA;",3.66666666666667e-06,6.50128192487195e-06,2.65413723165258e-06
"Spring","Eukaryota;NA;Bigyra;NA;NA;NA;NA;",0.0004775,0.000312044067400744,0.000127391457065744
"Spring","Eukaryota;NA;Bolidophyceae;NA;NA;NA;NA;",2e-06,2.5298221281347e-06,1.03279555898864e-06
"Spring","Eukaryota;NA;Breviatea;NA;NA;NA;NA;",1.5e-06,2.50998007960223e-06,1.02469507659596e-06
"Spring","Eukaryota;NA;Choanoflagellata;NA;NA;NA;NA;",0.000250833333333333,0.000146750695625836,5.99107206136301e-05
"Spring","Eukaryota;NA;Chrysophyceae;NA;NA;NA;NA;",1.33333333333333e-06,1.50554530541816e-06,6.14636297152859e-07
"Spring","Eukaryota;NA;Cryptophyceae;NA;NA;NA;NA;",0.000164,9.38892965145655e-05,3.83301447949261e-05
"Spring","Eukaryota;NA;Dictyochophyceae;NA;NA;NA;NA;",3.5e-06,3.14642654451045e-06,1.28452325786651e-06
"Spring","Eukaryota;NA;Dinophyceae;NA;NA;NA;NA;",0.000215166666666667,0.00015103167438212,6.16584228723952e-05
"Spring","Eukaryota;NA;Eustigmatophyceae;NA;NA;NA;NA;",6.33333333333333e-05,2.57966406081619e-05,1.05314344279928e-05
"Spring","Eukaryota;NA;Glaucocystophyceae;NA;NA;NA;NA;",0.000104833333333333,8.92085571381281e-05,3.64192409463887e-05
"Spring","Eukaryota;NA;Oomycota;NA;NA;NA;NA;",0.00120333333333333,0.000721542421945284,0.000294568460256318
"Spring","Eukaryota;NA;Pelagophyceae;NA;NA;NA;NA;",7.06666666666667e-05,5.03176576031384e-05,2.05420976966272e-05
"Spring","Eukaryota;NA;Phaeophyceae;NA;NA;NA;NA;",9.7e-05,2.79928562315459e-05,1.14280357017293e-05
"Spring","Eukaryota;NA;Polycystinea;NA;NA;NA;NA;",1.96666666666667e-05,2.47278520431247e-05,1.0095103323449e-05
"Spring","Eukaryota;NA;Raphidophyceae;NA;NA;NA;NA;",3.16666666666667e-06,5.45588367422425e-06,2.22735518297175e-06
"Spring","Eukaryota;NA;Synurophyceae;NA;NA;NA;NA;",1.83333333333333e-06,3.25064096243597e-06,1.32706861582629e-06
"Spring","Eukaryota;NA;Xanthophyceae;NA;NA;NA;NA;",9.66666666666667e-06,9.89275829415976e-06,4.03870166156292e-06
"Spring","Eukaryota;Rhodophyta;Bangiophyceae;NA;NA;NA;NA;",0.000454833333333333,0.000177863337050294,7.26124032869806e-05
"Spring","Eukaryota;Rhodophyta;Compsopogonophyceae;NA;NA;NA;NA;",0,0,0
"Spring","Eukaryota;Rhodophyta;Florideophyceae;NA;NA;NA;NA;",0.000237333333333333,9.68435163894138e-05,3.95362000084873e-05
"Spring","Eukaryota;Rhodophyta;Rhodellophyceae;NA;NA;NA;NA;",0,0,0
"Spring","Eukaryota;Rhodophyta;Stylonematophyceae;NA;NA;NA;NA;",3.33333333333333e-06,3.98329846567724e-06,1.62617478902006e-06
"Spring","Eukaryota;Tubulinea;Corycida;NA;NA;NA;NA;",3.33333333333333e-07,8.16496580927726e-07,3.33333333333333e-07
"Spring","Eukaryota;Tubulinea;Echinamoebida;NA;NA;NA;NA;",2.5e-06,6.12372435695795e-06,2.5e-06
"Spring","Eukaryota;Tubulinea;Elardia;NA;NA;NA;NA;",4e-06,5.62138772902208e-06,2.2949219304078e-06
"Spring","Eukaryota;Zoopagomycota;Basidiobolomycetes;NA;NA;NA;NA;",0.0001105,7.74021963512664e-05,3.15993143385528e-05
"Spring","Eukaryota;Zoopagomycota;Dimargaritomycetes;NA;NA;NA;NA;",3.5e-05,1.93907194296653e-05,7.91622805802528e-06
"Spring","Eukaryota;Zoopagomycota;Entomophthoromycetes;NA;NA;NA;NA;",2.98333333333333e-05,2.38110618550846e-05,9.7208252964676e-06
"Spring","Eukaryota;Zoopagomycota;Harpellomycetes;NA;NA;NA;NA;",0.0001295,9.52843114053935e-05,3.88996572392783e-05
"Spring","Eukaryota;Zoopagomycota;Kickxellomycetes;NA;NA;NA;NA;",3.93333333333333e-05,1.65368275877408e-05,6.75113159239085e-06
"Spring","Eukaryota;Zoopagomycota;Zoopagomycetes;NA;NA;NA;NA;",8.13333333333333e-05,4.27722651570696e-05,1.74617041296407e-05
"Spring","Unclassified",65.0707536666667,2.81525244125778,1.1493219963677
"Spring","Viruses",0.00719433333333333,0.000893291367173481,0.000364684673534701
